2026-01-23T14:40:47.230-0800 [INFO]  Terraform version: 1.14.3
2026-01-23T14:40:47.231-0800 [DEBUG] using github.com/hashicorp/go-tfe v1.94.0
2026-01-23T14:40:47.231-0800 [DEBUG] using github.com/hashicorp/hcl/v2 v2.24.0
2026-01-23T14:40:47.231-0800 [DEBUG] using github.com/hashicorp/terraform-svchost v0.1.1
2026-01-23T14:40:47.231-0800 [DEBUG] using github.com/zclconf/go-cty v1.16.3
2026-01-23T14:40:47.231-0800 [INFO]  Go runtime version: go1.25.5
2026-01-23T14:40:47.231-0800 [INFO]  CLI args: []string{"terraform", "apply", "-auto-approve"}
2026-01-23T14:40:47.231-0800 [DEBUG] Attempting to open CLI config file: /Users/rkalmankar/.terraformrc
2026-01-23T14:40:47.231-0800 [DEBUG] File doesn't exist, but doesn't need to. Ignoring.
2026-01-23T14:40:47.231-0800 [DEBUG] ignoring non-existing provider search directory terraform.d/plugins
2026-01-23T14:40:47.231-0800 [DEBUG] ignoring non-existing provider search directory /Users/rkalmankar/.terraform.d/plugins
2026-01-23T14:40:47.231-0800 [DEBUG] ignoring non-existing provider search directory /Users/rkalmankar/Library/Application Support/io.terraform/plugins
2026-01-23T14:40:47.231-0800 [DEBUG] ignoring non-existing provider search directory /Library/Application Support/io.terraform/plugins
2026-01-23T14:40:47.232-0800 [INFO]  CLI command args: []string{"apply", "-auto-approve"}
2026-01-23T14:40:47.306-0800 [DEBUG] checking for provisioner in "."
2026-01-23T14:40:47.308-0800 [DEBUG] checking for provisioner in "/opt/homebrew/bin"
2026-01-23T14:40:47.312-0800 [INFO]  backend/local: starting Apply operation
2026-01-23T14:40:47.318-0800 [DEBUG] created provider logger: level=debug
2026-01-23T14:40:47.319-0800 [INFO]  provider: configuring client automatic mTLS
2026-01-23T14:40:47.329-0800 [DEBUG] provider: starting plugin: path=.terraform/providers/registry.terraform.io/ansible/ansible/1.3.0/darwin_arm64/terraform-provider-ansible_v1.3.0 args=[".terraform/providers/registry.terraform.io/ansible/ansible/1.3.0/darwin_arm64/terraform-provider-ansible_v1.3.0"]
2026-01-23T14:40:47.331-0800 [DEBUG] provider: plugin started: path=.terraform/providers/registry.terraform.io/ansible/ansible/1.3.0/darwin_arm64/terraform-provider-ansible_v1.3.0 pid=38735
2026-01-23T14:40:47.331-0800 [DEBUG] provider: waiting for RPC address: plugin=.terraform/providers/registry.terraform.io/ansible/ansible/1.3.0/darwin_arm64/terraform-provider-ansible_v1.3.0
2026-01-23T14:40:47.350-0800 [INFO]  provider.terraform-provider-ansible_v1.3.0: configuring server automatic mTLS: timestamp=2026-01-23T14:40:47.350-0800
2026-01-23T14:40:47.356-0800 [DEBUG] provider: using plugin: version=5
2026-01-23T14:40:47.356-0800 [DEBUG] provider.terraform-provider-ansible_v1.3.0: plugin address: address=/var/folders/lz/dp7_tgjj62qgxc_b3y9kw_k80000gp/T/plugin1112620483 network=unix timestamp=2026-01-23T14:40:47.356-0800
2026-01-23T14:40:47.369-0800 [DEBUG] provider.stdio: received EOF, stopping recv loop: err="rpc error: code = Unavailable desc = error reading from server: EOF"
2026-01-23T14:40:47.370-0800 [INFO]  provider: plugin process exited: plugin=.terraform/providers/registry.terraform.io/ansible/ansible/1.3.0/darwin_arm64/terraform-provider-ansible_v1.3.0 id=38735
2026-01-23T14:40:47.370-0800 [DEBUG] provider: plugin exited
2026-01-23T14:40:47.370-0800 [DEBUG] created provider logger: level=debug
2026-01-23T14:40:47.370-0800 [INFO]  provider: configuring client automatic mTLS
2026-01-23T14:40:47.373-0800 [DEBUG] provider: starting plugin: path=.terraform/providers/registry.terraform.io/crusoecloud/crusoe/0.5.44/darwin_arm64/terraform-provider-crusoe_v0.5.44 args=[".terraform/providers/registry.terraform.io/crusoecloud/crusoe/0.5.44/darwin_arm64/terraform-provider-crusoe_v0.5.44"]
2026-01-23T14:40:47.374-0800 [DEBUG] provider: plugin started: path=.terraform/providers/registry.terraform.io/crusoecloud/crusoe/0.5.44/darwin_arm64/terraform-provider-crusoe_v0.5.44 pid=38736
2026-01-23T14:40:47.374-0800 [DEBUG] provider: waiting for RPC address: plugin=.terraform/providers/registry.terraform.io/crusoecloud/crusoe/0.5.44/darwin_arm64/terraform-provider-crusoe_v0.5.44
2026-01-23T14:40:47.395-0800 [INFO]  provider.terraform-provider-crusoe_v0.5.44: configuring server automatic mTLS: timestamp=2026-01-23T14:40:47.395-0800
2026-01-23T14:40:47.401-0800 [DEBUG] provider: using plugin: version=6
2026-01-23T14:40:47.401-0800 [DEBUG] provider.terraform-provider-crusoe_v0.5.44: plugin address: address=/var/folders/lz/dp7_tgjj62qgxc_b3y9kw_k80000gp/T/plugin2888463761 network=unix timestamp=2026-01-23T14:40:47.401-0800
2026-01-23T14:40:47.413-0800 [DEBUG] No provider meta schema returned
2026-01-23T14:40:47.414-0800 [DEBUG] provider.stdio: received EOF, stopping recv loop: err="rpc error: code = Unavailable desc = error reading from server: EOF"
2026-01-23T14:40:47.415-0800 [INFO]  provider: plugin process exited: plugin=.terraform/providers/registry.terraform.io/crusoecloud/crusoe/0.5.44/darwin_arm64/terraform-provider-crusoe_v0.5.44 id=38736
2026-01-23T14:40:47.415-0800 [DEBUG] provider: plugin exited
2026-01-23T14:40:47.415-0800 [DEBUG] created provider logger: level=debug
2026-01-23T14:40:47.415-0800 [INFO]  provider: configuring client automatic mTLS
2026-01-23T14:40:47.417-0800 [DEBUG] provider: starting plugin: path=.terraform/providers/registry.terraform.io/hashicorp/local/2.6.1/darwin_arm64/terraform-provider-local_v2.6.1_x5 args=[".terraform/providers/registry.terraform.io/hashicorp/local/2.6.1/darwin_arm64/terraform-provider-local_v2.6.1_x5"]
2026-01-23T14:40:47.419-0800 [DEBUG] provider: plugin started: path=.terraform/providers/registry.terraform.io/hashicorp/local/2.6.1/darwin_arm64/terraform-provider-local_v2.6.1_x5 pid=38737
2026-01-23T14:40:47.419-0800 [DEBUG] provider: waiting for RPC address: plugin=.terraform/providers/registry.terraform.io/hashicorp/local/2.6.1/darwin_arm64/terraform-provider-local_v2.6.1_x5
2026-01-23T14:40:47.437-0800 [INFO]  provider.terraform-provider-local_v2.6.1_x5: configuring server automatic mTLS: timestamp=2026-01-23T14:40:47.437-0800
2026-01-23T14:40:47.445-0800 [DEBUG] provider.terraform-provider-local_v2.6.1_x5: plugin address: address=/var/folders/lz/dp7_tgjj62qgxc_b3y9kw_k80000gp/T/plugin3209270587 network=unix timestamp=2026-01-23T14:40:47.445-0800
2026-01-23T14:40:47.445-0800 [DEBUG] provider: using plugin: version=5
2026-01-23T14:40:47.455-0800 [DEBUG] No provider meta schema returned
2026-01-23T14:40:47.455-0800 [DEBUG] provider.stdio: received EOF, stopping recv loop: err="rpc error: code = Unavailable desc = error reading from server: EOF"
2026-01-23T14:40:47.456-0800 [INFO]  provider: plugin process exited: plugin=.terraform/providers/registry.terraform.io/hashicorp/local/2.6.1/darwin_arm64/terraform-provider-local_v2.6.1_x5 id=38737
2026-01-23T14:40:47.456-0800 [DEBUG] provider: plugin exited
2026-01-23T14:40:47.456-0800 [DEBUG] created provider logger: level=debug
2026-01-23T14:40:47.456-0800 [INFO]  provider: configuring client automatic mTLS
2026-01-23T14:40:47.459-0800 [DEBUG] provider: starting plugin: path=.terraform/providers/registry.terraform.io/hashicorp/null/3.2.4/darwin_arm64/terraform-provider-null_v3.2.4_x5 args=[".terraform/providers/registry.terraform.io/hashicorp/null/3.2.4/darwin_arm64/terraform-provider-null_v3.2.4_x5"]
2026-01-23T14:40:47.460-0800 [DEBUG] provider: plugin started: path=.terraform/providers/registry.terraform.io/hashicorp/null/3.2.4/darwin_arm64/terraform-provider-null_v3.2.4_x5 pid=38738
2026-01-23T14:40:47.460-0800 [DEBUG] provider: waiting for RPC address: plugin=.terraform/providers/registry.terraform.io/hashicorp/null/3.2.4/darwin_arm64/terraform-provider-null_v3.2.4_x5
2026-01-23T14:40:47.478-0800 [INFO]  provider.terraform-provider-null_v3.2.4_x5: configuring server automatic mTLS: timestamp=2026-01-23T14:40:47.477-0800
2026-01-23T14:40:47.486-0800 [DEBUG] provider.terraform-provider-null_v3.2.4_x5: plugin address: network=unix address=/var/folders/lz/dp7_tgjj62qgxc_b3y9kw_k80000gp/T/plugin3977132244 timestamp=2026-01-23T14:40:47.486-0800
2026-01-23T14:40:47.486-0800 [DEBUG] provider: using plugin: version=5
2026-01-23T14:40:47.494-0800 [DEBUG] No provider meta schema returned
2026-01-23T14:40:47.495-0800 [DEBUG] provider.stdio: received EOF, stopping recv loop: err="rpc error: code = Unavailable desc = error reading from server: EOF"
2026-01-23T14:40:47.496-0800 [INFO]  provider: plugin process exited: plugin=.terraform/providers/registry.terraform.io/hashicorp/null/3.2.4/darwin_arm64/terraform-provider-null_v3.2.4_x5 id=38738
2026-01-23T14:40:47.496-0800 [DEBUG] provider: plugin exited
2026-01-23T14:40:47.496-0800 [DEBUG] Building and walking validate graph
2026-01-23T14:40:47.498-0800 [DEBUG] adding implicit provider configuration provider["registry.terraform.io/hashicorp/local"], implied first by local_file.node_hostfile
2026-01-23T14:40:47.498-0800 [DEBUG] adding implicit provider configuration provider["registry.terraform.io/hashicorp/null"], implied first by null_resource.ansible_playbook
2026-01-23T14:40:47.498-0800 [DEBUG] ProviderTransformer: "local_file.node_hostfile" (*terraform.NodeValidatableResource) needs provider["registry.terraform.io/hashicorp/local"]
2026-01-23T14:40:47.498-0800 [DEBUG] ProviderTransformer: "null_resource.ansible_playbook" (*terraform.NodeValidatableResource) needs provider["registry.terraform.io/hashicorp/null"]
2026-01-23T14:40:47.498-0800 [DEBUG] ProviderTransformer: "ansible_host.slurm_login_node_host" (*terraform.NodeValidatableResource) needs provider["registry.terraform.io/ansible/ansible"]
2026-01-23T14:40:47.498-0800 [DEBUG] ProviderTransformer: "crusoe_vpc_firewall_rule.allow_grafana_access" (*terraform.NodeValidatableResource) needs provider["registry.terraform.io/crusoecloud/crusoe"]
2026-01-23T14:40:47.498-0800 [DEBUG] ProviderTransformer: "ansible_group.all" (*terraform.NodeValidatableResource) needs provider["registry.terraform.io/ansible/ansible"]
2026-01-23T14:40:47.498-0800 [DEBUG] ProviderTransformer: "crusoe_storage_disk.slurm_data_disk" (*terraform.NodeValidatableResource) needs provider["registry.terraform.io/crusoecloud/crusoe"]
2026-01-23T14:40:47.498-0800 [DEBUG] ProviderTransformer: "crusoe_compute_instance.slurm_head_node" (*terraform.NodeValidatableResource) needs provider["registry.terraform.io/crusoecloud/crusoe"]
2026-01-23T14:40:47.498-0800 [DEBUG] ProviderTransformer: "crusoe_compute_instance.slurm_login_node" (*terraform.NodeValidatableResource) needs provider["registry.terraform.io/crusoecloud/crusoe"]
2026-01-23T14:40:47.498-0800 [DEBUG] ProviderTransformer: "crusoe_storage_disk.slurm_nfs_home_disk" (*terraform.NodeValidatableResource) needs provider["registry.terraform.io/crusoecloud/crusoe"]
2026-01-23T14:40:47.498-0800 [DEBUG] ProviderTransformer: "ansible_host.slurm_head_node_host" (*terraform.NodeValidatableResource) needs provider["registry.terraform.io/ansible/ansible"]
2026-01-23T14:40:47.498-0800 [DEBUG] ProviderTransformer: "crusoe_storage_disk.slurmctld_disk" (*terraform.NodeValidatableResource) needs provider["registry.terraform.io/crusoecloud/crusoe"]
2026-01-23T14:40:47.498-0800 [DEBUG] ProviderTransformer: "crusoe_compute_instance.slurm_compute_node" (*terraform.NodeValidatableResource) needs provider["registry.terraform.io/crusoecloud/crusoe"]
2026-01-23T14:40:47.498-0800 [DEBUG] ProviderTransformer: "ansible_host.slurm_compute_node_host" (*terraform.NodeValidatableResource) needs provider["registry.terraform.io/ansible/ansible"]
2026-01-23T14:40:47.499-0800 [DEBUG] ReferenceTransformer: "ansible_host.slurm_login_node_host" references: [crusoe_compute_instance.slurm_login_node]
2026-01-23T14:40:47.499-0800 [DEBUG] ReferenceTransformer: "crusoe_storage_disk.slurm_nfs_home_disk" references: [var.slurm_shared_disk_nfs_home_size var.location var.project_id]
2026-01-23T14:40:47.499-0800 [DEBUG] ReferenceTransformer: "var.grafana_admin_password" references: []
2026-01-23T14:40:47.499-0800 [DEBUG] ReferenceTransformer: "var.vastnfs_version" references: []
2026-01-23T14:40:47.499-0800 [DEBUG] ReferenceTransformer: "var.ssh_public_key_path" references: []
2026-01-23T14:40:47.499-0800 [DEBUG] ReferenceTransformer: "var.slurm_head_node_count" references: []
2026-01-23T14:40:47.499-0800 [DEBUG] ReferenceTransformer: "crusoe_vpc_firewall_rule.allow_grafana_access" references: [var.enable_observability crusoe_compute_instance.slurm_head_node crusoe_compute_instance.slurm_head_node]
2026-01-23T14:40:47.499-0800 [DEBUG] ReferenceTransformer: "ansible_host.slurm_head_node_host" references: [crusoe_compute_instance.slurm_head_node]
2026-01-23T14:40:47.499-0800 [DEBUG] ReferenceTransformer: "var.slurm_compute_node_count" references: []
2026-01-23T14:40:47.499-0800 [DEBUG] ReferenceTransformer: "var.slurm_head_node_type" references: []
2026-01-23T14:40:47.499-0800 [DEBUG] ReferenceTransformer: "var.slurm_shared_disk_nfs_home_size" references: []
2026-01-23T14:40:47.499-0800 [DEBUG] ReferenceTransformer: "ansible_group.all" references: [var.slurm_users var.partitions var.enable_observability var.grafana_admin_password var.vastnfs_version var.pre_existing_slurm_data_disk_id var.pre_existing_slurm_data_disk_id crusoe_storage_disk.slurm_data_disk crusoe_storage_disk.slurm_data_disk crusoe_storage_disk.slurm_nfs_home_disk crusoe_storage_disk.slurmctld_disk var.slurm_data_disk_mount_path var.enable_imex_support]
2026-01-23T14:40:47.499-0800 [DEBUG] ReferenceTransformer: "crusoe_storage_disk.slurmctld_disk" references: [var.slurmctld_disk_size var.location var.project_id]
2026-01-23T14:40:47.499-0800 [DEBUG] ReferenceTransformer: "var.slurm_login_node_count" references: []
2026-01-23T14:40:47.499-0800 [DEBUG] ReferenceTransformer: "var.slurm_login_node_ib_partition_id" references: []
2026-01-23T14:40:47.499-0800 [DEBUG] ReferenceTransformer: "var.partitions" references: []
2026-01-23T14:40:47.499-0800 [DEBUG] ReferenceTransformer: "var.head_node_custom_image_name" references: []
2026-01-23T14:40:47.499-0800 [DEBUG] ReferenceTransformer: "var.login_node_custom_image_name" references: []
2026-01-23T14:40:47.499-0800 [DEBUG] ReferenceTransformer: "provider[\"registry.terraform.io/crusoecloud/crusoe\"]" references: []
2026-01-23T14:40:47.499-0800 [DEBUG] ReferenceTransformer: "crusoe_storage_disk.slurm_data_disk" references: [var.pre_existing_slurm_data_disk_id var.location var.project_id var.slurm_data_disk_size]
2026-01-23T14:40:47.499-0800 [DEBUG] ReferenceTransformer: "crusoe_compute_instance.slurm_head_node" references: [var.slurm_head_node_count var.project_id var.head_node_custom_image_name crusoe_storage_disk.slurmctld_disk crusoe_storage_disk.slurm_nfs_home_disk var.slurm_head_node_ib_partition_id var.slurm_head_node_ib_partition_id var.vpc_subnet_id var.slurm_head_node_type var.slurm_head_node_reservation_id var.location local.ssh_public_key (expand) var.head_node_custom_image_name var.head_node_custom_image_name]
2026-01-23T14:40:47.499-0800 [DEBUG] ReferenceTransformer: "var.slurm_login_node_type" references: []
2026-01-23T14:40:47.499-0800 [DEBUG] ReferenceTransformer: "var.enable_observability" references: []
2026-01-23T14:40:47.499-0800 [DEBUG] ReferenceTransformer: "output.slurm_login_nodes_addr (expand)" references: [crusoe_compute_instance.slurm_login_node]
2026-01-23T14:40:47.499-0800 [DEBUG] ReferenceTransformer: "output.slurm_compute_nodes_addr (expand)" references: [crusoe_compute_instance.slurm_compute_node]
2026-01-23T14:40:47.499-0800 [DEBUG] ReferenceTransformer: "provider[\"registry.terraform.io/ansible/ansible\"]" references: []
2026-01-23T14:40:47.499-0800 [DEBUG] ReferenceTransformer: "crusoe_compute_instance.slurm_login_node" references: [var.slurm_login_node_count crusoe_storage_disk.slurm_nfs_home_disk var.pre_existing_slurm_data_disk_id crusoe_storage_disk.slurm_data_disk var.slurm_login_node_ib_partition_id var.slurm_login_node_ib_partition_id var.login_node_custom_image_name var.login_node_custom_image_name var.project_id var.slurm_login_node_reservation_id local.ssh_public_key (expand) var.vpc_subnet_id var.slurm_login_node_type var.login_node_custom_image_name var.location]
2026-01-23T14:40:47.499-0800 [DEBUG] ReferenceTransformer: "crusoe_compute_instance.slurm_compute_node" references: [var.slurm_compute_node_count local.ssh_public_key (expand) var.vpc_subnet_id var.project_id var.slurm_compute_node_type var.enable_imex_support var.slurm_compute_node_reservation_id var.location crusoe_storage_disk.slurm_nfs_home_disk var.pre_existing_slurm_data_disk_id crusoe_storage_disk.slurm_data_disk var.compute_node_custom_image_name var.compute_node_custom_image_name var.compute_node_custom_image_name var.slurm_compute_node_ib_partition_id var.slurm_compute_node_ib_partition_id]
2026-01-23T14:40:47.499-0800 [DEBUG] ReferenceTransformer: "var.location" references: []
2026-01-23T14:40:47.499-0800 [DEBUG] ReferenceTransformer: "var.pre_existing_slurm_data_disk_id" references: []
2026-01-23T14:40:47.499-0800 [DEBUG] ReferenceTransformer: "var.slurm_data_disk_mount_path" references: []
2026-01-23T14:40:47.499-0800 [DEBUG] ReferenceTransformer: "var.slurm_data_disk_size" references: []
2026-01-23T14:40:47.499-0800 [DEBUG] ReferenceTransformer: "local.ssh_public_key (expand)" references: [var.ssh_public_key_path]
2026-01-23T14:40:47.499-0800 [DEBUG] ReferenceTransformer: "provider[\"registry.terraform.io/hashicorp/null\"]" references: []
2026-01-23T14:40:47.499-0800 [DEBUG] ReferenceTransformer: "var.slurm_compute_node_type" references: []
2026-01-23T14:40:47.499-0800 [DEBUG] ReferenceTransformer: "var.slurm_compute_node_ib_partition_id" references: []
2026-01-23T14:40:47.499-0800 [DEBUG] ReferenceTransformer: "var.project_id" references: []
2026-01-23T14:40:47.499-0800 [DEBUG] ReferenceTransformer: "var.slurmctld_disk_size" references: []
2026-01-23T14:40:47.499-0800 [DEBUG] ReferenceTransformer: "ansible_host.slurm_compute_node_host" references: [crusoe_compute_instance.slurm_compute_node]
2026-01-23T14:40:47.499-0800 [DEBUG] ReferenceTransformer: "var.slurm_head_node_reservation_id" references: []
2026-01-23T14:40:47.499-0800 [DEBUG] ReferenceTransformer: "var.slurm_compute_node_reservation_id" references: []
2026-01-23T14:40:47.499-0800 [DEBUG] ReferenceTransformer: "var.compute_node_custom_image_name" references: []
2026-01-23T14:40:47.499-0800 [DEBUG] ReferenceTransformer: "var.vpc_subnet_id" references: []
2026-01-23T14:40:47.499-0800 [DEBUG] ReferenceTransformer: "var.slurm_users" references: []
2026-01-23T14:40:47.499-0800 [DEBUG] ReferenceTransformer: "output.slurm_head_nodes_addr (expand)" references: [crusoe_compute_instance.slurm_head_node]
2026-01-23T14:40:47.499-0800 [DEBUG] ReferenceTransformer: "local_file.node_hostfile" references: [var.enable_imex_support crusoe_compute_instance.slurm_compute_node]
2026-01-23T14:40:47.499-0800 [DEBUG] ReferenceTransformer: "null_resource.ansible_playbook" references: [ansible_host.slurm_head_node_host ansible_host.slurm_login_node_host ansible_host.slurm_compute_node_host ansible_group.all]
2026-01-23T14:40:47.499-0800 [DEBUG] ReferenceTransformer: "var.slurm_login_node_reservation_id" references: []
2026-01-23T14:40:47.499-0800 [DEBUG] ReferenceTransformer: "var.enable_imex_support" references: []
2026-01-23T14:40:47.499-0800 [DEBUG] ReferenceTransformer: "var.slurm_head_node_ib_partition_id" references: []
2026-01-23T14:40:47.499-0800 [DEBUG] ReferenceTransformer: "provider[\"registry.terraform.io/hashicorp/local\"]" references: []
2026-01-23T14:40:47.500-0800 [DEBUG] Starting graph walk: walkValidate
2026-01-23T14:40:47.502-0800 [DEBUG] created provider logger: level=debug
2026-01-23T14:40:47.502-0800 [INFO]  provider: configuring client automatic mTLS
2026-01-23T14:40:47.506-0800 [DEBUG] provider: starting plugin: path=.terraform/providers/registry.terraform.io/ansible/ansible/1.3.0/darwin_arm64/terraform-provider-ansible_v1.3.0 args=[".terraform/providers/registry.terraform.io/ansible/ansible/1.3.0/darwin_arm64/terraform-provider-ansible_v1.3.0"]
2026-01-23T14:40:47.507-0800 [DEBUG] provider: plugin started: path=.terraform/providers/registry.terraform.io/ansible/ansible/1.3.0/darwin_arm64/terraform-provider-ansible_v1.3.0 pid=38739
2026-01-23T14:40:47.507-0800 [DEBUG] provider: waiting for RPC address: plugin=.terraform/providers/registry.terraform.io/ansible/ansible/1.3.0/darwin_arm64/terraform-provider-ansible_v1.3.0
2026-01-23T14:40:47.520-0800 [INFO]  provider.terraform-provider-ansible_v1.3.0: configuring server automatic mTLS: timestamp=2026-01-23T14:40:47.519-0800
2026-01-23T14:40:47.527-0800 [DEBUG] provider.terraform-provider-ansible_v1.3.0: plugin address: address=/var/folders/lz/dp7_tgjj62qgxc_b3y9kw_k80000gp/T/plugin115092459 network=unix timestamp=2026-01-23T14:40:47.527-0800
2026-01-23T14:40:47.527-0800 [DEBUG] provider: using plugin: version=5
2026-01-23T14:40:47.533-0800 [DEBUG] created provider logger: level=debug
2026-01-23T14:40:47.533-0800 [INFO]  provider: configuring client automatic mTLS
2026-01-23T14:40:47.536-0800 [DEBUG] provider: starting plugin: path=.terraform/providers/registry.terraform.io/hashicorp/null/3.2.4/darwin_arm64/terraform-provider-null_v3.2.4_x5 args=[".terraform/providers/registry.terraform.io/hashicorp/null/3.2.4/darwin_arm64/terraform-provider-null_v3.2.4_x5"]
2026-01-23T14:40:47.537-0800 [DEBUG] provider: plugin started: path=.terraform/providers/registry.terraform.io/hashicorp/null/3.2.4/darwin_arm64/terraform-provider-null_v3.2.4_x5 pid=38748
2026-01-23T14:40:47.537-0800 [DEBUG] provider: waiting for RPC address: plugin=.terraform/providers/registry.terraform.io/hashicorp/null/3.2.4/darwin_arm64/terraform-provider-null_v3.2.4_x5
2026-01-23T14:40:47.548-0800 [INFO]  provider.terraform-provider-null_v3.2.4_x5: configuring server automatic mTLS: timestamp=2026-01-23T14:40:47.548-0800
2026-01-23T14:40:47.555-0800 [DEBUG] provider.terraform-provider-null_v3.2.4_x5: plugin address: address=/var/folders/lz/dp7_tgjj62qgxc_b3y9kw_k80000gp/T/plugin1603360918 network=unix timestamp=2026-01-23T14:40:47.555-0800
2026-01-23T14:40:47.555-0800 [DEBUG] provider: using plugin: version=5
2026-01-23T14:40:47.561-0800 [DEBUG] created provider logger: level=debug
2026-01-23T14:40:47.561-0800 [INFO]  provider: configuring client automatic mTLS
2026-01-23T14:40:47.564-0800 [DEBUG] provider: starting plugin: path=.terraform/providers/registry.terraform.io/hashicorp/local/2.6.1/darwin_arm64/terraform-provider-local_v2.6.1_x5 args=[".terraform/providers/registry.terraform.io/hashicorp/local/2.6.1/darwin_arm64/terraform-provider-local_v2.6.1_x5"]
2026-01-23T14:40:47.565-0800 [DEBUG] provider: plugin started: path=.terraform/providers/registry.terraform.io/hashicorp/local/2.6.1/darwin_arm64/terraform-provider-local_v2.6.1_x5 pid=38749
2026-01-23T14:40:47.565-0800 [DEBUG] provider: waiting for RPC address: plugin=.terraform/providers/registry.terraform.io/hashicorp/local/2.6.1/darwin_arm64/terraform-provider-local_v2.6.1_x5
2026-01-23T14:40:47.577-0800 [INFO]  provider.terraform-provider-local_v2.6.1_x5: configuring server automatic mTLS: timestamp=2026-01-23T14:40:47.577-0800
2026-01-23T14:40:47.584-0800 [DEBUG] provider: using plugin: version=5
2026-01-23T14:40:47.584-0800 [DEBUG] provider.terraform-provider-local_v2.6.1_x5: plugin address: address=/var/folders/lz/dp7_tgjj62qgxc_b3y9kw_k80000gp/T/plugin2270169169 network=unix timestamp=2026-01-23T14:40:47.584-0800
2026-01-23T14:40:47.590-0800 [DEBUG] created provider logger: level=debug
2026-01-23T14:40:47.590-0800 [INFO]  provider: configuring client automatic mTLS
2026-01-23T14:40:47.593-0800 [DEBUG] provider: starting plugin: path=.terraform/providers/registry.terraform.io/crusoecloud/crusoe/0.5.44/darwin_arm64/terraform-provider-crusoe_v0.5.44 args=[".terraform/providers/registry.terraform.io/crusoecloud/crusoe/0.5.44/darwin_arm64/terraform-provider-crusoe_v0.5.44"]
2026-01-23T14:40:47.594-0800 [DEBUG] provider: plugin started: path=.terraform/providers/registry.terraform.io/crusoecloud/crusoe/0.5.44/darwin_arm64/terraform-provider-crusoe_v0.5.44 pid=38750
2026-01-23T14:40:47.594-0800 [DEBUG] provider: waiting for RPC address: plugin=.terraform/providers/registry.terraform.io/crusoecloud/crusoe/0.5.44/darwin_arm64/terraform-provider-crusoe_v0.5.44
2026-01-23T14:40:47.608-0800 [INFO]  provider.terraform-provider-crusoe_v0.5.44: configuring server automatic mTLS: timestamp=2026-01-23T14:40:47.608-0800
2026-01-23T14:40:47.616-0800 [DEBUG] provider: using plugin: version=6
2026-01-23T14:40:47.616-0800 [DEBUG] provider.terraform-provider-crusoe_v0.5.44: plugin address: address=/var/folders/lz/dp7_tgjj62qgxc_b3y9kw_k80000gp/T/plugin3737167903 network=unix timestamp=2026-01-23T14:40:47.616-0800
2026-01-23T14:40:47.626-0800 [DEBUG] No provider meta schema returned
2026-01-23T14:40:47.629-0800 [DEBUG] skipping FixUpBlockAttrs
2026-01-23T14:40:47.630-0800 [DEBUG] skipping FixUpBlockAttrs
2026-01-23T14:40:47.630-0800 [DEBUG] skipping FixUpBlockAttrs
2026-01-23T14:40:47.633-0800 [DEBUG] provider.stdio: received EOF, stopping recv loop: err="rpc error: code = Unavailable desc = error reading from server: EOF"
2026-01-23T14:40:47.635-0800 [INFO]  provider: plugin process exited: plugin=.terraform/providers/registry.terraform.io/crusoecloud/crusoe/0.5.44/darwin_arm64/terraform-provider-crusoe_v0.5.44 id=38750
2026-01-23T14:40:47.635-0800 [DEBUG] provider: plugin exited
2026-01-23T14:40:47.636-0800 [DEBUG] provider.stdio: received EOF, stopping recv loop: err="rpc error: code = Unavailable desc = error reading from server: EOF"
2026-01-23T14:40:47.637-0800 [INFO]  provider: plugin process exited: plugin=.terraform/providers/registry.terraform.io/ansible/ansible/1.3.0/darwin_arm64/terraform-provider-ansible_v1.3.0 id=38739
2026-01-23T14:40:47.637-0800 [DEBUG] provider: plugin exited
2026-01-23T14:40:47.638-0800 [DEBUG] provider.stdio: received EOF, stopping recv loop: err="rpc error: code = Unavailable desc = error reading from server: EOF"
2026-01-23T14:40:47.639-0800 [INFO]  provider: plugin process exited: plugin=.terraform/providers/registry.terraform.io/hashicorp/local/2.6.1/darwin_arm64/terraform-provider-local_v2.6.1_x5 id=38749
2026-01-23T14:40:47.639-0800 [DEBUG] provider: plugin exited
2026-01-23T14:40:47.639-0800 [DEBUG] provider.stdio: received EOF, stopping recv loop: err="rpc error: code = Unavailable desc = error reading from server: EOF"
2026-01-23T14:40:47.640-0800 [INFO]  provider: plugin process exited: plugin=.terraform/providers/registry.terraform.io/hashicorp/null/3.2.4/darwin_arm64/terraform-provider-null_v3.2.4_x5 id=38748
2026-01-23T14:40:47.640-0800 [DEBUG] provider: plugin exited
2026-01-23T14:40:47.640-0800 [INFO]  backend/local: apply calling Plan
2026-01-23T14:40:47.640-0800 [DEBUG] Building and walking plan graph for NormalMode
2026-01-23T14:40:47.641-0800 [DEBUG] adding implicit provider configuration provider["registry.terraform.io/hashicorp/local"], implied first by local_file.node_hostfile (expand)
2026-01-23T14:40:47.641-0800 [DEBUG] adding implicit provider configuration provider["registry.terraform.io/hashicorp/null"], implied first by null_resource.ansible_playbook (expand)
2026-01-23T14:40:47.641-0800 [DEBUG] ProviderTransformer: "crusoe_storage_disk.slurm_data_disk (expand)" (*terraform.nodeExpandPlannableResource) needs provider["registry.terraform.io/crusoecloud/crusoe"]
2026-01-23T14:40:47.641-0800 [DEBUG] ProviderTransformer: "crusoe_compute_instance.slurm_compute_node (expand)" (*terraform.nodeExpandPlannableResource) needs provider["registry.terraform.io/crusoecloud/crusoe"]
2026-01-23T14:40:47.641-0800 [DEBUG] ProviderTransformer: "crusoe_vpc_firewall_rule.allow_grafana_access (expand)" (*terraform.nodeExpandPlannableResource) needs provider["registry.terraform.io/crusoecloud/crusoe"]
2026-01-23T14:40:47.641-0800 [DEBUG] ProviderTransformer: "crusoe_compute_instance.slurm_login_node (expand)" (*terraform.nodeExpandPlannableResource) needs provider["registry.terraform.io/crusoecloud/crusoe"]
2026-01-23T14:40:47.641-0800 [DEBUG] ProviderTransformer: "crusoe_storage_disk.slurmctld_disk (expand)" (*terraform.nodeExpandPlannableResource) needs provider["registry.terraform.io/crusoecloud/crusoe"]
2026-01-23T14:40:47.641-0800 [DEBUG] ProviderTransformer: "null_resource.ansible_playbook (expand)" (*terraform.nodeExpandPlannableResource) needs provider["registry.terraform.io/hashicorp/null"]
2026-01-23T14:40:47.641-0800 [DEBUG] ProviderTransformer: "local_file.node_hostfile (expand)" (*terraform.nodeExpandPlannableResource) needs provider["registry.terraform.io/hashicorp/local"]
2026-01-23T14:40:47.641-0800 [DEBUG] ProviderTransformer: "crusoe_storage_disk.slurm_nfs_home_disk (expand)" (*terraform.nodeExpandPlannableResource) needs provider["registry.terraform.io/crusoecloud/crusoe"]
2026-01-23T14:40:47.641-0800 [DEBUG] ProviderTransformer: "ansible_group.all (expand)" (*terraform.nodeExpandPlannableResource) needs provider["registry.terraform.io/ansible/ansible"]
2026-01-23T14:40:47.641-0800 [DEBUG] ProviderTransformer: "crusoe_compute_instance.slurm_head_node (expand)" (*terraform.nodeExpandPlannableResource) needs provider["registry.terraform.io/crusoecloud/crusoe"]
2026-01-23T14:40:47.641-0800 [DEBUG] ProviderTransformer: "ansible_host.slurm_login_node_host (expand)" (*terraform.nodeExpandPlannableResource) needs provider["registry.terraform.io/ansible/ansible"]
2026-01-23T14:40:47.641-0800 [DEBUG] ProviderTransformer: "ansible_host.slurm_head_node_host (expand)" (*terraform.nodeExpandPlannableResource) needs provider["registry.terraform.io/ansible/ansible"]
2026-01-23T14:40:47.641-0800 [DEBUG] ProviderTransformer: "ansible_host.slurm_compute_node_host (expand)" (*terraform.nodeExpandPlannableResource) needs provider["registry.terraform.io/ansible/ansible"]
2026-01-23T14:40:47.641-0800 [DEBUG] ReferenceTransformer: "var.pre_existing_slurm_data_disk_id" references: []
2026-01-23T14:40:47.641-0800 [DEBUG] ReferenceTransformer: "var.slurm_data_disk_size" references: []
2026-01-23T14:40:47.641-0800 [DEBUG] ReferenceTransformer: "var.slurm_login_node_count" references: []
2026-01-23T14:40:47.641-0800 [DEBUG] ReferenceTransformer: "var.slurm_head_node_reservation_id" references: []
2026-01-23T14:40:47.641-0800 [DEBUG] ReferenceTransformer: "local.ssh_public_key (expand)" references: [var.ssh_public_key_path]
2026-01-23T14:40:47.641-0800 [DEBUG] ReferenceTransformer: "var.slurm_head_node_ib_partition_id" references: []
2026-01-23T14:40:47.641-0800 [DEBUG] ReferenceTransformer: "var.slurm_compute_node_reservation_id" references: []
2026-01-23T14:40:47.641-0800 [DEBUG] ReferenceTransformer: "var.slurm_login_node_ib_partition_id" references: []
2026-01-23T14:40:47.641-0800 [DEBUG] ReferenceTransformer: "var.slurm_shared_disk_nfs_home_size" references: []
2026-01-23T14:40:47.641-0800 [DEBUG] ReferenceTransformer: "var.slurm_login_node_type" references: []
2026-01-23T14:40:47.641-0800 [DEBUG] ReferenceTransformer: "var.enable_observability" references: []
2026-01-23T14:40:47.641-0800 [DEBUG] ReferenceTransformer: "output.slurm_login_nodes_addr (expand)" references: [crusoe_compute_instance.slurm_login_node (expand)]
2026-01-23T14:40:47.641-0800 [DEBUG] ReferenceTransformer: "output.slurm_compute_nodes_addr (expand)" references: [crusoe_compute_instance.slurm_compute_node (expand)]
2026-01-23T14:40:47.641-0800 [DEBUG] ReferenceTransformer: "ansible_host.slurm_login_node_host (expand)" references: [crusoe_compute_instance.slurm_login_node (expand)]
2026-01-23T14:40:47.642-0800 [DEBUG] ReferenceTransformer: "crusoe_storage_disk.slurmctld_disk (expand)" references: [var.location var.project_id var.slurmctld_disk_size]
2026-01-23T14:40:47.642-0800 [DEBUG] ReferenceTransformer: "var.slurm_login_node_reservation_id" references: []
2026-01-23T14:40:47.642-0800 [DEBUG] ReferenceTransformer: "var.slurm_head_node_count" references: []
2026-01-23T14:40:47.642-0800 [DEBUG] ReferenceTransformer: "provider[\"registry.terraform.io/crusoecloud/crusoe\"]" references: []
2026-01-23T14:40:47.642-0800 [DEBUG] ReferenceTransformer: "provider[\"registry.terraform.io/ansible/ansible\"]" references: []
2026-01-23T14:40:47.642-0800 [DEBUG] ReferenceTransformer: "ansible_host.slurm_head_node_host (expand)" references: [crusoe_compute_instance.slurm_head_node (expand)]
2026-01-23T14:40:47.642-0800 [DEBUG] ReferenceTransformer: "null_resource.ansible_playbook (expand)" references: [ansible_host.slurm_head_node_host (expand) ansible_host.slurm_login_node_host (expand) ansible_host.slurm_compute_node_host (expand) ansible_group.all (expand)]
2026-01-23T14:40:47.642-0800 [DEBUG] ReferenceTransformer: "var.compute_node_custom_image_name" references: []
2026-01-23T14:40:47.642-0800 [DEBUG] ReferenceTransformer: "var.vastnfs_version" references: []
2026-01-23T14:40:47.642-0800 [DEBUG] ReferenceTransformer: "var.login_node_custom_image_name" references: []
2026-01-23T14:40:47.642-0800 [DEBUG] ReferenceTransformer: "var.ssh_public_key_path" references: []
2026-01-23T14:40:47.642-0800 [DEBUG] ReferenceTransformer: "var.slurm_compute_node_ib_partition_id" references: []
2026-01-23T14:40:47.642-0800 [DEBUG] ReferenceTransformer: "var.project_id" references: []
2026-01-23T14:40:47.642-0800 [DEBUG] ReferenceTransformer: "var.head_node_custom_image_name" references: []
2026-01-23T14:40:47.642-0800 [DEBUG] ReferenceTransformer: "var.slurm_data_disk_mount_path" references: []
2026-01-23T14:40:47.642-0800 [DEBUG] ReferenceTransformer: "var.slurm_users" references: []
2026-01-23T14:40:47.642-0800 [DEBUG] ReferenceTransformer: "provider[\"registry.terraform.io/hashicorp/null\"]" references: []
2026-01-23T14:40:47.642-0800 [DEBUG] ReferenceTransformer: "local_file.node_hostfile (expand)" references: [var.enable_imex_support crusoe_compute_instance.slurm_compute_node (expand)]
2026-01-23T14:40:47.642-0800 [DEBUG] ReferenceTransformer: "crusoe_storage_disk.slurm_nfs_home_disk (expand)" references: [var.project_id var.slurm_shared_disk_nfs_home_size var.location]
2026-01-23T14:40:47.642-0800 [DEBUG] ReferenceTransformer: "ansible_host.slurm_compute_node_host (expand)" references: [crusoe_compute_instance.slurm_compute_node (expand)]
2026-01-23T14:40:47.642-0800 [DEBUG] ReferenceTransformer: "crusoe_storage_disk.slurm_data_disk (expand)" references: [var.pre_existing_slurm_data_disk_id var.location var.project_id var.slurm_data_disk_size]
2026-01-23T14:40:47.642-0800 [DEBUG] ReferenceTransformer: "var.slurm_compute_node_count" references: []
2026-01-23T14:40:47.642-0800 [DEBUG] ReferenceTransformer: "var.grafana_admin_password" references: []
2026-01-23T14:40:47.642-0800 [DEBUG] ReferenceTransformer: "var.location" references: []
2026-01-23T14:40:47.642-0800 [DEBUG] ReferenceTransformer: "var.slurm_head_node_type" references: []
2026-01-23T14:40:47.642-0800 [DEBUG] ReferenceTransformer: "var.slurmctld_disk_size" references: []
2026-01-23T14:40:47.642-0800 [DEBUG] ReferenceTransformer: "crusoe_compute_instance.slurm_compute_node (expand)" references: [var.slurm_compute_node_count local.ssh_public_key (expand) var.vpc_subnet_id var.slurm_compute_node_ib_partition_id var.slurm_compute_node_ib_partition_id var.compute_node_custom_image_name crusoe_storage_disk.slurm_nfs_home_disk (expand) var.pre_existing_slurm_data_disk_id crusoe_storage_disk.slurm_data_disk (expand) var.project_id var.slurm_compute_node_reservation_id var.location var.enable_imex_support var.slurm_compute_node_type var.compute_node_custom_image_name var.compute_node_custom_image_name]
2026-01-23T14:40:47.642-0800 [DEBUG] ReferenceTransformer: "crusoe_vpc_firewall_rule.allow_grafana_access (expand)" references: [var.enable_observability crusoe_compute_instance.slurm_head_node (expand) crusoe_compute_instance.slurm_head_node (expand)]
2026-01-23T14:40:47.642-0800 [DEBUG] ReferenceTransformer: "ansible_group.all (expand)" references: [var.slurm_users var.partitions var.enable_observability var.grafana_admin_password var.vastnfs_version var.pre_existing_slurm_data_disk_id var.pre_existing_slurm_data_disk_id crusoe_storage_disk.slurm_data_disk (expand) crusoe_storage_disk.slurm_data_disk (expand) crusoe_storage_disk.slurm_nfs_home_disk (expand) crusoe_storage_disk.slurmctld_disk (expand) var.slurm_data_disk_mount_path var.enable_imex_support]
2026-01-23T14:40:47.642-0800 [DEBUG] ReferenceTransformer: "var.enable_imex_support" references: []
2026-01-23T14:40:47.642-0800 [DEBUG] ReferenceTransformer: "var.slurm_compute_node_type" references: []
2026-01-23T14:40:47.642-0800 [DEBUG] ReferenceTransformer: "output.slurm_head_nodes_addr (expand)" references: [crusoe_compute_instance.slurm_head_node (expand)]
2026-01-23T14:40:47.642-0800 [DEBUG] ReferenceTransformer: "crusoe_compute_instance.slurm_login_node (expand)" references: [var.slurm_login_node_count var.project_id var.slurm_login_node_reservation_id var.slurm_login_node_ib_partition_id var.slurm_login_node_ib_partition_id var.location var.slurm_login_node_type var.login_node_custom_image_name var.login_node_custom_image_name local.ssh_public_key (expand) var.login_node_custom_image_name var.vpc_subnet_id crusoe_storage_disk.slurm_nfs_home_disk (expand) var.pre_existing_slurm_data_disk_id crusoe_storage_disk.slurm_data_disk (expand)]
2026-01-23T14:40:47.642-0800 [DEBUG] ReferenceTransformer: "crusoe_compute_instance.slurm_head_node (expand)" references: [var.slurm_head_node_count var.head_node_custom_image_name var.head_node_custom_image_name var.head_node_custom_image_name var.vpc_subnet_id crusoe_storage_disk.slurmctld_disk (expand) crusoe_storage_disk.slurm_nfs_home_disk (expand) var.project_id var.slurm_head_node_reservation_id var.location local.ssh_public_key (expand) var.slurm_head_node_ib_partition_id var.slurm_head_node_ib_partition_id var.slurm_head_node_type]
2026-01-23T14:40:47.642-0800 [DEBUG] ReferenceTransformer: "var.partitions" references: []
2026-01-23T14:40:47.642-0800 [DEBUG] ReferenceTransformer: "var.vpc_subnet_id" references: []
2026-01-23T14:40:47.642-0800 [DEBUG] ReferenceTransformer: "provider[\"registry.terraform.io/hashicorp/local\"]" references: []
2026-01-23T14:40:47.642-0800 [DEBUG] Starting graph walk: walkPlan
2026-01-23T14:40:47.643-0800 [DEBUG] created provider logger: level=debug
2026-01-23T14:40:47.643-0800 [INFO]  provider: configuring client automatic mTLS
2026-01-23T14:40:47.645-0800 [DEBUG] provider: starting plugin: path=.terraform/providers/registry.terraform.io/hashicorp/local/2.6.1/darwin_arm64/terraform-provider-local_v2.6.1_x5 args=[".terraform/providers/registry.terraform.io/hashicorp/local/2.6.1/darwin_arm64/terraform-provider-local_v2.6.1_x5"]
2026-01-23T14:40:47.647-0800 [DEBUG] provider: plugin started: path=.terraform/providers/registry.terraform.io/hashicorp/local/2.6.1/darwin_arm64/terraform-provider-local_v2.6.1_x5 pid=38751
2026-01-23T14:40:47.647-0800 [DEBUG] provider: waiting for RPC address: plugin=.terraform/providers/registry.terraform.io/hashicorp/local/2.6.1/darwin_arm64/terraform-provider-local_v2.6.1_x5
2026-01-23T14:40:47.659-0800 [INFO]  provider.terraform-provider-local_v2.6.1_x5: configuring server automatic mTLS: timestamp=2026-01-23T14:40:47.658-0800
2026-01-23T14:40:47.665-0800 [DEBUG] provider: using plugin: version=5
2026-01-23T14:40:47.665-0800 [DEBUG] provider.terraform-provider-local_v2.6.1_x5: plugin address: address=/var/folders/lz/dp7_tgjj62qgxc_b3y9kw_k80000gp/T/plugin2438562706 network=unix timestamp=2026-01-23T14:40:47.665-0800
2026-01-23T14:40:47.671-0800 [DEBUG] created provider logger: level=debug
2026-01-23T14:40:47.671-0800 [INFO]  provider: configuring client automatic mTLS
2026-01-23T14:40:47.674-0800 [DEBUG] provider: starting plugin: path=.terraform/providers/registry.terraform.io/hashicorp/null/3.2.4/darwin_arm64/terraform-provider-null_v3.2.4_x5 args=[".terraform/providers/registry.terraform.io/hashicorp/null/3.2.4/darwin_arm64/terraform-provider-null_v3.2.4_x5"]
2026-01-23T14:40:47.676-0800 [DEBUG] provider: plugin started: path=.terraform/providers/registry.terraform.io/hashicorp/null/3.2.4/darwin_arm64/terraform-provider-null_v3.2.4_x5 pid=38752
2026-01-23T14:40:47.676-0800 [DEBUG] provider: waiting for RPC address: plugin=.terraform/providers/registry.terraform.io/hashicorp/null/3.2.4/darwin_arm64/terraform-provider-null_v3.2.4_x5
2026-01-23T14:40:47.685-0800 [INFO]  provider.terraform-provider-null_v3.2.4_x5: configuring server automatic mTLS: timestamp=2026-01-23T14:40:47.685-0800
2026-01-23T14:40:47.692-0800 [DEBUG] provider: using plugin: version=5
2026-01-23T14:40:47.692-0800 [DEBUG] provider.terraform-provider-null_v3.2.4_x5: plugin address: address=/var/folders/lz/dp7_tgjj62qgxc_b3y9kw_k80000gp/T/plugin2171779194 network=unix timestamp=2026-01-23T14:40:47.692-0800
2026-01-23T14:40:47.698-0800 [DEBUG] created provider logger: level=debug
2026-01-23T14:40:47.698-0800 [INFO]  provider: configuring client automatic mTLS
2026-01-23T14:40:47.702-0800 [DEBUG] provider: starting plugin: path=.terraform/providers/registry.terraform.io/ansible/ansible/1.3.0/darwin_arm64/terraform-provider-ansible_v1.3.0 args=[".terraform/providers/registry.terraform.io/ansible/ansible/1.3.0/darwin_arm64/terraform-provider-ansible_v1.3.0"]
2026-01-23T14:40:47.704-0800 [DEBUG] provider: plugin started: path=.terraform/providers/registry.terraform.io/ansible/ansible/1.3.0/darwin_arm64/terraform-provider-ansible_v1.3.0 pid=38753
2026-01-23T14:40:47.704-0800 [DEBUG] provider: waiting for RPC address: plugin=.terraform/providers/registry.terraform.io/ansible/ansible/1.3.0/darwin_arm64/terraform-provider-ansible_v1.3.0
2026-01-23T14:40:47.719-0800 [INFO]  provider.terraform-provider-ansible_v1.3.0: configuring server automatic mTLS: timestamp=2026-01-23T14:40:47.719-0800
2026-01-23T14:40:47.726-0800 [DEBUG] provider: using plugin: version=5
2026-01-23T14:40:47.726-0800 [DEBUG] provider.terraform-provider-ansible_v1.3.0: plugin address: address=/var/folders/lz/dp7_tgjj62qgxc_b3y9kw_k80000gp/T/plugin4000913376 network=unix timestamp=2026-01-23T14:40:47.726-0800
2026-01-23T14:40:47.732-0800 [DEBUG] created provider logger: level=debug
2026-01-23T14:40:47.732-0800 [INFO]  provider: configuring client automatic mTLS
2026-01-23T14:40:47.735-0800 [DEBUG] provider: starting plugin: path=.terraform/providers/registry.terraform.io/crusoecloud/crusoe/0.5.44/darwin_arm64/terraform-provider-crusoe_v0.5.44 args=[".terraform/providers/registry.terraform.io/crusoecloud/crusoe/0.5.44/darwin_arm64/terraform-provider-crusoe_v0.5.44"]
2026-01-23T14:40:47.737-0800 [DEBUG] provider: plugin started: path=.terraform/providers/registry.terraform.io/crusoecloud/crusoe/0.5.44/darwin_arm64/terraform-provider-crusoe_v0.5.44 pid=38754
2026-01-23T14:40:47.737-0800 [DEBUG] provider: waiting for RPC address: plugin=.terraform/providers/registry.terraform.io/crusoecloud/crusoe/0.5.44/darwin_arm64/terraform-provider-crusoe_v0.5.44
2026-01-23T14:40:47.750-0800 [INFO]  provider.terraform-provider-crusoe_v0.5.44: configuring server automatic mTLS: timestamp=2026-01-23T14:40:47.750-0800
2026-01-23T14:40:47.757-0800 [DEBUG] provider: using plugin: version=6
2026-01-23T14:40:47.757-0800 [DEBUG] provider.terraform-provider-crusoe_v0.5.44: plugin address: address=/var/folders/lz/dp7_tgjj62qgxc_b3y9kw_k80000gp/T/plugin4229396694 network=unix timestamp=2026-01-23T14:40:47.757-0800
2026-01-23T14:40:47.766-0800 [DEBUG] No provider meta schema returned
2026-01-23T14:40:47.768-0800 [DEBUG] provider.terraform-provider-crusoe_v0.5.44: 2026/01/23 14:40:47 [DEBUG] GET https://api.crusoecloud.com/v1alpha5/organizations/projects?project_name=default
2026-01-23T14:40:48.332-0800 [DEBUG] ReferenceTransformer: "crusoe_storage_disk.slurm_nfs_home_disk[0]" references: []
2026-01-23T14:40:48.333-0800 [DEBUG] ReferenceTransformer: "crusoe_storage_disk.slurmctld_disk[0]" references: []
2026-01-23T14:40:48.334-0800 [DEBUG] ReferenceTransformer: "crusoe_storage_disk.slurm_data_disk[0]" references: []
[0m[1mcrusoe_storage_disk.slurmctld_disk[0]: Refreshing state... [id=5f021402-65fc-4610-b401-a5c50dcd5b2d][0m
[0m[1mcrusoe_storage_disk.slurm_nfs_home_disk[0]: Refreshing state... [id=c22a0d6f-0c42-4e80-afcd-cdc1b8c96d14][0m
[0m[1mcrusoe_storage_disk.slurm_data_disk[0]: Refreshing state... [id=10f66558-ac73-46e3-804e-8ada21b7b76b][0m
2026-01-23T14:40:48.336-0800 [DEBUG] provider.terraform-provider-crusoe_v0.5.44: 2026/01/23 14:40:48 [DEBUG] GET https://api.crusoecloud.com/v1alpha5/projects/4da9452b-9a52-48ce-8ba6-205fc30b3ee5/storage/disks/c22a0d6f-0c42-4e80-afcd-cdc1b8c96d14
2026-01-23T14:40:48.336-0800 [DEBUG] provider.terraform-provider-crusoe_v0.5.44: 2026/01/23 14:40:48 [DEBUG] GET https://api.crusoecloud.com/v1alpha5/projects/4da9452b-9a52-48ce-8ba6-205fc30b3ee5/storage/disks/10f66558-ac73-46e3-804e-8ada21b7b76b
2026-01-23T14:40:48.336-0800 [DEBUG] provider.terraform-provider-crusoe_v0.5.44: 2026/01/23 14:40:48 [DEBUG] GET https://api.crusoecloud.com/v1alpha5/projects/4da9452b-9a52-48ce-8ba6-205fc30b3ee5/storage/disks/5f021402-65fc-4610-b401-a5c50dcd5b2d
2026-01-23T14:40:48.436-0800 [DEBUG] provider.terraform-provider-crusoe_v0.5.44: Value switched to prior value due to semantic equality logic: tf_resource_type=crusoe_storage_disk tf_rpc=ReadResource @caller=github.com/hashicorp/terraform-plugin-framework@v1.3.5/internal/fwschemadata/value_semantic_equality.go:85 @module=sdk.framework tf_attribute_path=size tf_req_id=33179238-cea9-68e3-83d2-22d6f3cadf22 tf_provider_addr=registry.terraform.io/crusoecloud/crusoe timestamp=2026-01-23T14:40:48.435-0800
2026-01-23T14:40:48.436-0800 [DEBUG] provider.terraform-provider-crusoe_v0.5.44: Value switched to prior value due to semantic equality logic: @caller=github.com/hashicorp/terraform-plugin-framework@v1.3.5/internal/fwschemadata/value_semantic_equality.go:85 tf_attribute_path=serial_number tf_provider_addr=registry.terraform.io/crusoecloud/crusoe tf_req_id=33179238-cea9-68e3-83d2-22d6f3cadf22 @module=sdk.framework tf_resource_type=crusoe_storage_disk tf_rpc=ReadResource timestamp=2026-01-23T14:40:48.435-0800
2026-01-23T14:40:48.436-0800 [DEBUG] provider.terraform-provider-crusoe_v0.5.44: Value switched to prior value due to semantic equality logic: tf_provider_addr=registry.terraform.io/crusoecloud/crusoe tf_rpc=ReadResource @caller=github.com/hashicorp/terraform-plugin-framework@v1.3.5/internal/fwschemadata/value_semantic_equality.go:85 @module=sdk.framework tf_attribute_path=block_size tf_req_id=33179238-cea9-68e3-83d2-22d6f3cadf22 tf_resource_type=crusoe_storage_disk timestamp=2026-01-23T14:40:48.436-0800
2026-01-23T14:40:48.436-0800 [DEBUG] provider.terraform-provider-crusoe_v0.5.44: Value switched to prior value due to semantic equality logic: @module=sdk.framework tf_resource_type=crusoe_storage_disk tf_rpc=ReadResource tf_attribute_path=id tf_provider_addr=registry.terraform.io/crusoecloud/crusoe tf_req_id=33179238-cea9-68e3-83d2-22d6f3cadf22 @caller=github.com/hashicorp/terraform-plugin-framework@v1.3.5/internal/fwschemadata/value_semantic_equality.go:85 timestamp=2026-01-23T14:40:48.436-0800
2026-01-23T14:40:48.436-0800 [DEBUG] provider.terraform-provider-crusoe_v0.5.44: Value switched to prior value due to semantic equality logic: tf_attribute_path=project_id tf_provider_addr=registry.terraform.io/crusoecloud/crusoe tf_req_id=33179238-cea9-68e3-83d2-22d6f3cadf22 tf_rpc=ReadResource @module=sdk.framework tf_resource_type=crusoe_storage_disk @caller=github.com/hashicorp/terraform-plugin-framework@v1.3.5/internal/fwschemadata/value_semantic_equality.go:85 timestamp=2026-01-23T14:40:48.436-0800
2026-01-23T14:40:48.436-0800 [DEBUG] provider.terraform-provider-crusoe_v0.5.44: Value switched to prior value due to semantic equality logic: tf_provider_addr=registry.terraform.io/crusoecloud/crusoe @caller=github.com/hashicorp/terraform-plugin-framework@v1.3.5/internal/fwschemadata/value_semantic_equality.go:85 tf_attribute_path=location tf_req_id=33179238-cea9-68e3-83d2-22d6f3cadf22 tf_resource_type=crusoe_storage_disk tf_rpc=ReadResource @module=sdk.framework timestamp=2026-01-23T14:40:48.436-0800
2026-01-23T14:40:48.436-0800 [DEBUG] provider.terraform-provider-crusoe_v0.5.44: Value switched to prior value due to semantic equality logic: @module=sdk.framework tf_attribute_path=name tf_provider_addr=registry.terraform.io/crusoecloud/crusoe tf_resource_type=crusoe_storage_disk @caller=github.com/hashicorp/terraform-plugin-framework@v1.3.5/internal/fwschemadata/value_semantic_equality.go:85 tf_req_id=33179238-cea9-68e3-83d2-22d6f3cadf22 tf_rpc=ReadResource timestamp=2026-01-23T14:40:48.436-0800
2026-01-23T14:40:48.436-0800 [DEBUG] provider.terraform-provider-crusoe_v0.5.44: Value switched to prior value due to semantic equality logic: tf_resource_type=crusoe_storage_disk @module=sdk.framework tf_req_id=33179238-cea9-68e3-83d2-22d6f3cadf22 tf_rpc=ReadResource @caller=github.com/hashicorp/terraform-plugin-framework@v1.3.5/internal/fwschemadata/value_semantic_equality.go:85 tf_attribute_path=type tf_provider_addr=registry.terraform.io/crusoecloud/crusoe timestamp=2026-01-23T14:40:48.436-0800
2026-01-23T14:40:48.437-0800 [DEBUG] provider.terraform-provider-crusoe_v0.5.44: Value switched to prior value due to semantic equality logic: @module=sdk.framework tf_provider_addr=registry.terraform.io/crusoecloud/crusoe @caller=github.com/hashicorp/terraform-plugin-framework@v1.3.5/internal/fwschemadata/value_semantic_equality.go:85 tf_attribute_path=id tf_req_id=bd303455-a4ff-4fdc-fc52-50426a02ae41 tf_resource_type=crusoe_storage_disk tf_rpc=ReadResource timestamp=2026-01-23T14:40:48.437-0800
2026-01-23T14:40:48.437-0800 [DEBUG] provider.terraform-provider-crusoe_v0.5.44: Value switched to prior value due to semantic equality logic: @caller=github.com/hashicorp/terraform-plugin-framework@v1.3.5/internal/fwschemadata/value_semantic_equality.go:85 @module=sdk.framework tf_attribute_path=project_id tf_req_id=bd303455-a4ff-4fdc-fc52-50426a02ae41 tf_resource_type=crusoe_storage_disk tf_provider_addr=registry.terraform.io/crusoecloud/crusoe tf_rpc=ReadResource timestamp=2026-01-23T14:40:48.437-0800
2026-01-23T14:40:48.437-0800 [DEBUG] provider.terraform-provider-crusoe_v0.5.44: Value switched to prior value due to semantic equality logic: @caller=github.com/hashicorp/terraform-plugin-framework@v1.3.5/internal/fwschemadata/value_semantic_equality.go:85 @module=sdk.framework tf_attribute_path=location tf_req_id=bd303455-a4ff-4fdc-fc52-50426a02ae41 tf_rpc=ReadResource tf_provider_addr=registry.terraform.io/crusoecloud/crusoe tf_resource_type=crusoe_storage_disk timestamp=2026-01-23T14:40:48.437-0800
2026-01-23T14:40:48.437-0800 [DEBUG] provider.terraform-provider-crusoe_v0.5.44: Value switched to prior value due to semantic equality logic: @module=sdk.framework tf_attribute_path=name tf_provider_addr=registry.terraform.io/crusoecloud/crusoe tf_req_id=bd303455-a4ff-4fdc-fc52-50426a02ae41 tf_resource_type=crusoe_storage_disk @caller=github.com/hashicorp/terraform-plugin-framework@v1.3.5/internal/fwschemadata/value_semantic_equality.go:85 tf_rpc=ReadResource timestamp=2026-01-23T14:40:48.437-0800
2026-01-23T14:40:48.437-0800 [DEBUG] provider.terraform-provider-crusoe_v0.5.44: Value switched to prior value due to semantic equality logic: @caller=github.com/hashicorp/terraform-plugin-framework@v1.3.5/internal/fwschemadata/value_semantic_equality.go:85 @module=sdk.framework tf_provider_addr=registry.terraform.io/crusoecloud/crusoe tf_req_id=bd303455-a4ff-4fdc-fc52-50426a02ae41 tf_resource_type=crusoe_storage_disk tf_rpc=ReadResource tf_attribute_path=type timestamp=2026-01-23T14:40:48.437-0800
2026-01-23T14:40:48.437-0800 [DEBUG] provider.terraform-provider-crusoe_v0.5.44: Value switched to prior value due to semantic equality logic: @module=sdk.framework tf_provider_addr=registry.terraform.io/crusoecloud/crusoe tf_req_id=bd303455-a4ff-4fdc-fc52-50426a02ae41 tf_resource_type=crusoe_storage_disk @caller=github.com/hashicorp/terraform-plugin-framework@v1.3.5/internal/fwschemadata/value_semantic_equality.go:85 tf_attribute_path=size tf_rpc=ReadResource timestamp=2026-01-23T14:40:48.437-0800
2026-01-23T14:40:48.437-0800 [DEBUG] provider.terraform-provider-crusoe_v0.5.44: Value switched to prior value due to semantic equality logic: @module=sdk.framework tf_resource_type=crusoe_storage_disk @caller=github.com/hashicorp/terraform-plugin-framework@v1.3.5/internal/fwschemadata/value_semantic_equality.go:85 tf_attribute_path=serial_number tf_provider_addr=registry.terraform.io/crusoecloud/crusoe tf_req_id=bd303455-a4ff-4fdc-fc52-50426a02ae41 tf_rpc=ReadResource timestamp=2026-01-23T14:40:48.437-0800
2026-01-23T14:40:48.437-0800 [DEBUG] provider.terraform-provider-crusoe_v0.5.44: Value switched to prior value due to semantic equality logic: tf_provider_addr=registry.terraform.io/crusoecloud/crusoe @module=sdk.framework tf_attribute_path=block_size tf_req_id=bd303455-a4ff-4fdc-fc52-50426a02ae41 tf_resource_type=crusoe_storage_disk tf_rpc=ReadResource @caller=github.com/hashicorp/terraform-plugin-framework@v1.3.5/internal/fwschemadata/value_semantic_equality.go:85 timestamp=2026-01-23T14:40:48.437-0800
2026-01-23T14:40:48.438-0800 [DEBUG] provider.terraform-provider-crusoe_v0.5.44: Value switched to prior value due to semantic equality logic: @caller=github.com/hashicorp/terraform-plugin-framework@v1.3.5/internal/fwschemadata/value_semantic_equality.go:85 @module=sdk.framework tf_attribute_path=serial_number tf_req_id=21ead4d9-5dd0-d4c7-6973-87838779ec5c tf_resource_type=crusoe_storage_disk tf_provider_addr=registry.terraform.io/crusoecloud/crusoe tf_rpc=ReadResource timestamp=2026-01-23T14:40:48.438-0800
2026-01-23T14:40:48.438-0800 [DEBUG] provider.terraform-provider-crusoe_v0.5.44: Value switched to prior value due to semantic equality logic: tf_req_id=21ead4d9-5dd0-d4c7-6973-87838779ec5c tf_resource_type=crusoe_storage_disk @caller=github.com/hashicorp/terraform-plugin-framework@v1.3.5/internal/fwschemadata/value_semantic_equality.go:85 @module=sdk.framework tf_attribute_path=block_size tf_rpc=ReadResource tf_provider_addr=registry.terraform.io/crusoecloud/crusoe timestamp=2026-01-23T14:40:48.438-0800
2026-01-23T14:40:48.438-0800 [DEBUG] provider.terraform-provider-crusoe_v0.5.44: Value switched to prior value due to semantic equality logic: @module=sdk.framework tf_attribute_path=id tf_provider_addr=registry.terraform.io/crusoecloud/crusoe tf_rpc=ReadResource tf_req_id=21ead4d9-5dd0-d4c7-6973-87838779ec5c tf_resource_type=crusoe_storage_disk @caller=github.com/hashicorp/terraform-plugin-framework@v1.3.5/internal/fwschemadata/value_semantic_equality.go:85 timestamp=2026-01-23T14:40:48.438-0800
2026-01-23T14:40:48.438-0800 [DEBUG] provider.terraform-provider-crusoe_v0.5.44: Value switched to prior value due to semantic equality logic: @caller=github.com/hashicorp/terraform-plugin-framework@v1.3.5/internal/fwschemadata/value_semantic_equality.go:85 tf_provider_addr=registry.terraform.io/crusoecloud/crusoe tf_req_id=21ead4d9-5dd0-d4c7-6973-87838779ec5c tf_resource_type=crusoe_storage_disk @module=sdk.framework tf_attribute_path=project_id tf_rpc=ReadResource timestamp=2026-01-23T14:40:48.438-0800
2026-01-23T14:40:48.438-0800 [DEBUG] provider.terraform-provider-crusoe_v0.5.44: Value switched to prior value due to semantic equality logic: @module=sdk.framework tf_attribute_path=location tf_provider_addr=registry.terraform.io/crusoecloud/crusoe tf_req_id=21ead4d9-5dd0-d4c7-6973-87838779ec5c tf_resource_type=crusoe_storage_disk @caller=github.com/hashicorp/terraform-plugin-framework@v1.3.5/internal/fwschemadata/value_semantic_equality.go:85 tf_rpc=ReadResource timestamp=2026-01-23T14:40:48.438-0800
2026-01-23T14:40:48.438-0800 [DEBUG] provider.terraform-provider-crusoe_v0.5.44: Value switched to prior value due to semantic equality logic: tf_attribute_path=name tf_provider_addr=registry.terraform.io/crusoecloud/crusoe tf_req_id=21ead4d9-5dd0-d4c7-6973-87838779ec5c tf_rpc=ReadResource @caller=github.com/hashicorp/terraform-plugin-framework@v1.3.5/internal/fwschemadata/value_semantic_equality.go:85 @module=sdk.framework tf_resource_type=crusoe_storage_disk timestamp=2026-01-23T14:40:48.438-0800
2026-01-23T14:40:48.438-0800 [DEBUG] provider.terraform-provider-crusoe_v0.5.44: Value switched to prior value due to semantic equality logic: tf_rpc=ReadResource @caller=github.com/hashicorp/terraform-plugin-framework@v1.3.5/internal/fwschemadata/value_semantic_equality.go:85 @module=sdk.framework tf_resource_type=crusoe_storage_disk tf_attribute_path=type tf_provider_addr=registry.terraform.io/crusoecloud/crusoe tf_req_id=21ead4d9-5dd0-d4c7-6973-87838779ec5c timestamp=2026-01-23T14:40:48.438-0800
2026-01-23T14:40:48.438-0800 [DEBUG] provider.terraform-provider-crusoe_v0.5.44: Value switched to prior value due to semantic equality logic: @module=sdk.framework tf_provider_addr=registry.terraform.io/crusoecloud/crusoe tf_attribute_path=size tf_req_id=21ead4d9-5dd0-d4c7-6973-87838779ec5c tf_resource_type=crusoe_storage_disk tf_rpc=ReadResource @caller=github.com/hashicorp/terraform-plugin-framework@v1.3.5/internal/fwschemadata/value_semantic_equality.go:85 timestamp=2026-01-23T14:40:48.438-0800
2026-01-23T14:40:48.443-0800 [DEBUG] ReferenceTransformer: "ansible_group.all" references: []
2026-01-23T14:40:48.443-0800 [DEBUG] ReferenceTransformer: "crusoe_compute_instance.slurm_login_node[0]" references: []
2026-01-23T14:40:48.443-0800 [DEBUG] Resource instance state not found for node "crusoe_compute_instance.slurm_compute_node[0]", instance crusoe_compute_instance.slurm_compute_node[0]
2026-01-23T14:40:48.443-0800 [DEBUG] Resource instance state not found for node "crusoe_compute_instance.slurm_compute_node[1]", instance crusoe_compute_instance.slurm_compute_node[1]
2026-01-23T14:40:48.443-0800 [DEBUG] ReferenceTransformer: "crusoe_compute_instance.slurm_compute_node[1]" references: []
2026-01-23T14:40:48.443-0800 [DEBUG] ReferenceTransformer: "crusoe_compute_instance.slurm_compute_node[0]" references: []
2026-01-23T14:40:48.443-0800 [DEBUG] refresh: crusoe_compute_instance.slurm_compute_node[0]: no state, so not refreshing
2026-01-23T14:40:48.443-0800 [DEBUG] ReferenceTransformer: "crusoe_compute_instance.slurm_head_node[0]" references: []
2026-01-23T14:40:48.443-0800 [DEBUG] refresh: crusoe_compute_instance.slurm_compute_node[1]: no state, so not refreshing
2026-01-23T14:40:48.443-0800 [DEBUG] skipping FixUpBlockAttrs
2026-01-23T14:40:48.444-0800 [DEBUG] skipping FixUpBlockAttrs
[0m[1mansible_group.all: Refreshing state... [id=all][0m
[0m[1mcrusoe_compute_instance.slurm_login_node[0]: Refreshing state... [id=c3654e78-2bec-4ca4-97f6-e001f4d40e08][0m
[0m[1mcrusoe_compute_instance.slurm_head_node[0]: Refreshing state... [id=9150ad20-6bac-4366-bf6e-fbfa4a5c2dfd][0m
2026-01-23T14:40:48.448-0800 [DEBUG] provider.terraform-provider-crusoe_v0.5.44: 2026/01/23 14:40:48 [DEBUG] GET https://api.crusoecloud.com/v1alpha5/projects/4da9452b-9a52-48ce-8ba6-205fc30b3ee5/compute/vms/instances/c3654e78-2bec-4ca4-97f6-e001f4d40e08
2026-01-23T14:40:48.448-0800 [DEBUG] provider.terraform-provider-crusoe_v0.5.44: 2026/01/23 14:40:48 [DEBUG] GET https://api.crusoecloud.com/v1alpha5/projects/4da9452b-9a52-48ce-8ba6-205fc30b3ee5/compute/vms/instances/9150ad20-6bac-4366-bf6e-fbfa4a5c2dfd
2026-01-23T14:40:48.449-0800 [DEBUG] provider.terraform-provider-crusoe_v0.5.44: Marking Computed attributes with null configuration values as unknown (known after apply) in the plan to prevent potential Terraform errors: @caller=github.com/hashicorp/terraform-plugin-framework@v1.3.5/internal/fwserver/server_planresourcechange.go:195 @module=sdk.framework tf_provider_addr=registry.terraform.io/crusoecloud/crusoe tf_rpc=PlanResourceChange tf_req_id=1d841c22-222e-fc05-523f-c9e2037df4f6 tf_resource_type=crusoe_compute_instance timestamp=2026-01-23T14:40:48.449-0800
2026-01-23T14:40:48.449-0800 [DEBUG] provider.terraform-provider-crusoe_v0.5.44: marking computed attribute that is null in the config as unknown: @module=sdk.framework tf_provider_addr=registry.terraform.io/crusoecloud/crusoe tf_req_id=1d841c22-222e-fc05-523f-c9e2037df4f6 tf_resource_type=crusoe_compute_instance tf_rpc=PlanResourceChange @caller=github.com/hashicorp/terraform-plugin-framework@v1.3.5/internal/fwserver/server_planresourcechange.go:399 tf_attribute_path="AttributeName(\"reservation_id\")" timestamp=2026-01-23T14:40:48.449-0800
2026-01-23T14:40:48.449-0800 [DEBUG] provider.terraform-provider-crusoe_v0.5.44: Marking Computed attributes with null configuration values as unknown (known after apply) in the plan to prevent potential Terraform errors: tf_req_id=a6f296d7-1560-f212-e3b8-50ac43f7f1c2 @caller=github.com/hashicorp/terraform-plugin-framework@v1.3.5/internal/fwserver/server_planresourcechange.go:195 tf_provider_addr=registry.terraform.io/crusoecloud/crusoe tf_resource_type=crusoe_compute_instance tf_rpc=PlanResourceChange @module=sdk.framework timestamp=2026-01-23T14:40:48.449-0800
2026-01-23T14:40:48.449-0800 [DEBUG] provider.terraform-provider-crusoe_v0.5.44: marking computed attribute that is null in the config as unknown: @module=sdk.framework tf_provider_addr=registry.terraform.io/crusoecloud/crusoe tf_resource_type=crusoe_compute_instance tf_rpc=PlanResourceChange @caller=github.com/hashicorp/terraform-plugin-framework@v1.3.5/internal/fwserver/server_planresourcechange.go:399 tf_attribute_path="AttributeName(\"internal_dns_name\")" tf_req_id=a6f296d7-1560-f212-e3b8-50ac43f7f1c2 timestamp=2026-01-23T14:40:48.449-0800
2026-01-23T14:40:48.450-0800 [DEBUG] provider.terraform-provider-crusoe_v0.5.44: marking computed attribute that is null in the config as unknown: @caller=github.com/hashicorp/terraform-plugin-framework@v1.3.5/internal/fwserver/server_planresourcechange.go:399 @module=sdk.framework tf_attribute_path="AttributeName(\"fqdn\")" tf_provider_addr=registry.terraform.io/crusoecloud/crusoe tf_req_id=1d841c22-222e-fc05-523f-c9e2037df4f6 tf_resource_type=crusoe_compute_instance tf_rpc=PlanResourceChange timestamp=2026-01-23T14:40:48.449-0800
2026-01-23T14:40:48.450-0800 [DEBUG] provider.terraform-provider-crusoe_v0.5.44: marking computed attribute that is null in the config as unknown: tf_req_id=1d841c22-222e-fc05-523f-c9e2037df4f6 tf_resource_type=crusoe_compute_instance tf_rpc=PlanResourceChange @caller=github.com/hashicorp/terraform-plugin-framework@v1.3.5/internal/fwserver/server_planresourcechange.go:399 @module=sdk.framework tf_attribute_path="AttributeName(\"id\")" tf_provider_addr=registry.terraform.io/crusoecloud/crusoe timestamp=2026-01-23T14:40:48.450-0800
2026-01-23T14:40:48.450-0800 [DEBUG] provider.terraform-provider-crusoe_v0.5.44: marking computed attribute that is null in the config as unknown: tf_rpc=PlanResourceChange @module=sdk.framework tf_provider_addr=registry.terraform.io/crusoecloud/crusoe tf_req_id=a6f296d7-1560-f212-e3b8-50ac43f7f1c2 @caller=github.com/hashicorp/terraform-plugin-framework@v1.3.5/internal/fwserver/server_planresourcechange.go:399 tf_attribute_path="AttributeName(\"id\")" tf_resource_type=crusoe_compute_instance timestamp=2026-01-23T14:40:48.450-0800
2026-01-23T14:40:48.450-0800 [DEBUG] provider.terraform-provider-crusoe_v0.5.44: marking computed attribute that is null in the config as unknown: tf_attribute_path="AttributeName(\"nvlink_domain_id\")" tf_provider_addr=registry.terraform.io/crusoecloud/crusoe tf_req_id=1d841c22-222e-fc05-523f-c9e2037df4f6 tf_rpc=PlanResourceChange @caller=github.com/hashicorp/terraform-plugin-framework@v1.3.5/internal/fwserver/server_planresourcechange.go:399 @module=sdk.framework tf_resource_type=crusoe_compute_instance timestamp=2026-01-23T14:40:48.450-0800
2026-01-23T14:40:48.450-0800 [DEBUG] provider.terraform-provider-crusoe_v0.5.44: marking computed attribute that is null in the config as unknown: @caller=github.com/hashicorp/terraform-plugin-framework@v1.3.5/internal/fwserver/server_planresourcechange.go:399 @module=sdk.framework tf_attribute_path="AttributeName(\"reservation_id\")" tf_rpc=PlanResourceChange tf_provider_addr=registry.terraform.io/crusoecloud/crusoe tf_req_id=a6f296d7-1560-f212-e3b8-50ac43f7f1c2 tf_resource_type=crusoe_compute_instance timestamp=2026-01-23T14:40:48.450-0800
2026-01-23T14:40:48.450-0800 [DEBUG] provider.terraform-provider-crusoe_v0.5.44: marking computed attribute that is null in the config as unknown: tf_provider_addr=registry.terraform.io/crusoecloud/crusoe tf_req_id=1d841c22-222e-fc05-523f-c9e2037df4f6 tf_rpc=PlanResourceChange @module=sdk.framework tf_attribute_path="AttributeName(\"external_dns_name\")" tf_resource_type=crusoe_compute_instance @caller=github.com/hashicorp/terraform-plugin-framework@v1.3.5/internal/fwserver/server_planresourcechange.go:399 timestamp=2026-01-23T14:40:48.450-0800
2026-01-23T14:40:48.450-0800 [DEBUG] provider.terraform-provider-crusoe_v0.5.44: marking computed attribute that is null in the config as unknown: tf_attribute_path="AttributeName(\"internal_dns_name\")" tf_provider_addr=registry.terraform.io/crusoecloud/crusoe tf_req_id=1d841c22-222e-fc05-523f-c9e2037df4f6 tf_rpc=PlanResourceChange @module=sdk.framework tf_resource_type=crusoe_compute_instance @caller=github.com/hashicorp/terraform-plugin-framework@v1.3.5/internal/fwserver/server_planresourcechange.go:399 timestamp=2026-01-23T14:40:48.450-0800
2026-01-23T14:40:48.450-0800 [DEBUG] provider.terraform-provider-crusoe_v0.5.44: marking computed attribute that is null in the config as unknown: @caller=github.com/hashicorp/terraform-plugin-framework@v1.3.5/internal/fwserver/server_planresourcechange.go:399 tf_attribute_path="AttributeName(\"network_interfaces\").ElementKeyInt(0).AttributeName(\"public_ipv4\").AttributeName(\"id\")" tf_req_id=a6f296d7-1560-f212-e3b8-50ac43f7f1c2 @module=sdk.framework tf_provider_addr=registry.terraform.io/crusoecloud/crusoe tf_resource_type=crusoe_compute_instance tf_rpc=PlanResourceChange timestamp=2026-01-23T14:40:48.450-0800
2026-01-23T14:40:48.450-0800 [DEBUG] provider.terraform-provider-crusoe_v0.5.44: marking computed attribute that is null in the config as unknown: tf_attribute_path="AttributeName(\"network_interfaces\").ElementKeyInt(0).AttributeName(\"private_ipv4\")" tf_provider_addr=registry.terraform.io/crusoecloud/crusoe tf_resource_type=crusoe_compute_instance @caller=github.com/hashicorp/terraform-plugin-framework@v1.3.5/internal/fwserver/server_planresourcechange.go:399 @module=sdk.framework tf_req_id=1d841c22-222e-fc05-523f-c9e2037df4f6 tf_rpc=PlanResourceChange timestamp=2026-01-23T14:40:48.450-0800
2026-01-23T14:40:48.450-0800 [DEBUG] provider.terraform-provider-crusoe_v0.5.44: marking computed attribute that is null in the config as unknown: tf_provider_addr=registry.terraform.io/crusoecloud/crusoe tf_req_id=1d841c22-222e-fc05-523f-c9e2037df4f6 @caller=github.com/hashicorp/terraform-plugin-framework@v1.3.5/internal/fwserver/server_planresourcechange.go:399 @module=sdk.framework tf_resource_type=crusoe_compute_instance tf_rpc=PlanResourceChange tf_attribute_path="AttributeName(\"network_interfaces\").ElementKeyInt(0).AttributeName(\"public_ipv4\").AttributeName(\"id\")" timestamp=2026-01-23T14:40:48.450-0800
2026-01-23T14:40:48.450-0800 [DEBUG] provider.terraform-provider-crusoe_v0.5.44: marking computed attribute that is null in the config as unknown: tf_attribute_path="AttributeName(\"network_interfaces\").ElementKeyInt(0).AttributeName(\"public_ipv4\").AttributeName(\"address\")" tf_provider_addr=registry.terraform.io/crusoecloud/crusoe tf_req_id=a6f296d7-1560-f212-e3b8-50ac43f7f1c2 tf_resource_type=crusoe_compute_instance @caller=github.com/hashicorp/terraform-plugin-framework@v1.3.5/internal/fwserver/server_planresourcechange.go:399 @module=sdk.framework tf_rpc=PlanResourceChange timestamp=2026-01-23T14:40:48.450-0800
2026-01-23T14:40:48.450-0800 [DEBUG] provider.terraform-provider-crusoe_v0.5.44: marking computed attribute that is null in the config as unknown: tf_attribute_path="AttributeName(\"network_interfaces\").ElementKeyInt(0).AttributeName(\"public_ipv4\").AttributeName(\"address\")" tf_provider_addr=registry.terraform.io/crusoecloud/crusoe tf_req_id=1d841c22-222e-fc05-523f-c9e2037df4f6 tf_resource_type=crusoe_compute_instance tf_rpc=PlanResourceChange @caller=github.com/hashicorp/terraform-plugin-framework@v1.3.5/internal/fwserver/server_planresourcechange.go:399 @module=sdk.framework timestamp=2026-01-23T14:40:48.450-0800
2026-01-23T14:40:48.450-0800 [DEBUG] provider.terraform-provider-crusoe_v0.5.44: marking computed attribute that is null in the config as unknown: tf_attribute_path="AttributeName(\"network_interfaces\").ElementKeyInt(0).AttributeName(\"id\")" tf_req_id=a6f296d7-1560-f212-e3b8-50ac43f7f1c2 tf_resource_type=crusoe_compute_instance @caller=github.com/hashicorp/terraform-plugin-framework@v1.3.5/internal/fwserver/server_planresourcechange.go:399 @module=sdk.framework tf_provider_addr=registry.terraform.io/crusoecloud/crusoe tf_rpc=PlanResourceChange timestamp=2026-01-23T14:40:48.450-0800
2026-01-23T14:40:48.450-0800 [DEBUG] provider.terraform-provider-crusoe_v0.5.44: marking computed attribute that is null in the config as unknown: @module=sdk.framework tf_attribute_path="AttributeName(\"network_interfaces\").ElementKeyInt(0).AttributeName(\"interface_type\")" tf_provider_addr=registry.terraform.io/crusoecloud/crusoe tf_req_id=a6f296d7-1560-f212-e3b8-50ac43f7f1c2 tf_resource_type=crusoe_compute_instance tf_rpc=PlanResourceChange @caller=github.com/hashicorp/terraform-plugin-framework@v1.3.5/internal/fwserver/server_planresourcechange.go:399 timestamp=2026-01-23T14:40:48.450-0800
2026-01-23T14:40:48.450-0800 [DEBUG] provider.terraform-provider-crusoe_v0.5.44: marking computed attribute that is null in the config as unknown: tf_resource_type=crusoe_compute_instance @module=sdk.framework tf_provider_addr=registry.terraform.io/crusoecloud/crusoe tf_req_id=1d841c22-222e-fc05-523f-c9e2037df4f6 tf_rpc=PlanResourceChange @caller=github.com/hashicorp/terraform-plugin-framework@v1.3.5/internal/fwserver/server_planresourcechange.go:399 tf_attribute_path="AttributeName(\"network_interfaces\").ElementKeyInt(0).AttributeName(\"id\")" timestamp=2026-01-23T14:40:48.450-0800
2026-01-23T14:40:48.450-0800 [DEBUG] provider.terraform-provider-crusoe_v0.5.44: marking computed attribute that is null in the config as unknown: tf_provider_addr=registry.terraform.io/crusoecloud/crusoe @caller=github.com/hashicorp/terraform-plugin-framework@v1.3.5/internal/fwserver/server_planresourcechange.go:399 @module=sdk.framework tf_attribute_path="AttributeName(\"network_interfaces\").ElementKeyInt(0).AttributeName(\"name\")" tf_req_id=a6f296d7-1560-f212-e3b8-50ac43f7f1c2 tf_resource_type=crusoe_compute_instance tf_rpc=PlanResourceChange timestamp=2026-01-23T14:40:48.450-0800
2026-01-23T14:40:48.450-0800 [DEBUG] provider.terraform-provider-crusoe_v0.5.44: marking computed attribute that is null in the config as unknown: tf_provider_addr=registry.terraform.io/crusoecloud/crusoe tf_req_id=1d841c22-222e-fc05-523f-c9e2037df4f6 tf_rpc=PlanResourceChange tf_attribute_path="AttributeName(\"network_interfaces\").ElementKeyInt(0).AttributeName(\"interface_type\")" tf_resource_type=crusoe_compute_instance @caller=github.com/hashicorp/terraform-plugin-framework@v1.3.5/internal/fwserver/server_planresourcechange.go:399 @module=sdk.framework timestamp=2026-01-23T14:40:48.450-0800
2026-01-23T14:40:48.450-0800 [DEBUG] provider.terraform-provider-crusoe_v0.5.44: marking computed attribute that is null in the config as unknown: tf_attribute_path="AttributeName(\"network_interfaces\").ElementKeyInt(0).AttributeName(\"network\")" tf_provider_addr=registry.terraform.io/crusoecloud/crusoe tf_resource_type=crusoe_compute_instance @caller=github.com/hashicorp/terraform-plugin-framework@v1.3.5/internal/fwserver/server_planresourcechange.go:399 @module=sdk.framework tf_req_id=a6f296d7-1560-f212-e3b8-50ac43f7f1c2 tf_rpc=PlanResourceChange timestamp=2026-01-23T14:40:48.450-0800
2026-01-23T14:40:48.450-0800 [DEBUG] provider.terraform-provider-crusoe_v0.5.44: marking computed attribute that is null in the config as unknown: tf_provider_addr=registry.terraform.io/crusoecloud/crusoe tf_req_id=1d841c22-222e-fc05-523f-c9e2037df4f6 tf_resource_type=crusoe_compute_instance tf_rpc=PlanResourceChange @caller=github.com/hashicorp/terraform-plugin-framework@v1.3.5/internal/fwserver/server_planresourcechange.go:399 tf_attribute_path="AttributeName(\"network_interfaces\").ElementKeyInt(0).AttributeName(\"name\")" @module=sdk.framework timestamp=2026-01-23T14:40:48.450-0800
2026-01-23T14:40:48.450-0800 [DEBUG] provider.terraform-provider-crusoe_v0.5.44: marking computed attribute that is null in the config as unknown: @module=sdk.framework tf_attribute_path="AttributeName(\"network_interfaces\").ElementKeyInt(0).AttributeName(\"private_ipv4\")" tf_provider_addr=registry.terraform.io/crusoecloud/crusoe tf_req_id=a6f296d7-1560-f212-e3b8-50ac43f7f1c2 tf_resource_type=crusoe_compute_instance tf_rpc=PlanResourceChange @caller=github.com/hashicorp/terraform-plugin-framework@v1.3.5/internal/fwserver/server_planresourcechange.go:399 timestamp=2026-01-23T14:40:48.450-0800
2026-01-23T14:40:48.450-0800 [DEBUG] provider.terraform-provider-crusoe_v0.5.44: marking computed attribute that is null in the config as unknown: @module=sdk.framework tf_attribute_path="AttributeName(\"network_interfaces\").ElementKeyInt(0).AttributeName(\"network\")" tf_provider_addr=registry.terraform.io/crusoecloud/crusoe tf_req_id=1d841c22-222e-fc05-523f-c9e2037df4f6 @caller=github.com/hashicorp/terraform-plugin-framework@v1.3.5/internal/fwserver/server_planresourcechange.go:399 tf_resource_type=crusoe_compute_instance tf_rpc=PlanResourceChange timestamp=2026-01-23T14:40:48.450-0800
2026-01-23T14:40:48.450-0800 [DEBUG] provider.terraform-provider-crusoe_v0.5.44: marking computed attribute that is null in the config as unknown: @module=sdk.framework tf_attribute_path="AttributeName(\"nvlink_domain_id\")" tf_provider_addr=registry.terraform.io/crusoecloud/crusoe tf_req_id=a6f296d7-1560-f212-e3b8-50ac43f7f1c2 tf_rpc=PlanResourceChange @caller=github.com/hashicorp/terraform-plugin-framework@v1.3.5/internal/fwserver/server_planresourcechange.go:399 tf_resource_type=crusoe_compute_instance timestamp=2026-01-23T14:40:48.450-0800
2026-01-23T14:40:48.450-0800 [DEBUG] provider.terraform-provider-crusoe_v0.5.44: marking computed attribute that is null in the config as unknown: @module=sdk.framework tf_provider_addr=registry.terraform.io/crusoecloud/crusoe tf_resource_type=crusoe_compute_instance tf_rpc=PlanResourceChange @caller=github.com/hashicorp/terraform-plugin-framework@v1.3.5/internal/fwserver/server_planresourcechange.go:399 tf_attribute_path="AttributeName(\"external_dns_name\")" tf_req_id=a6f296d7-1560-f212-e3b8-50ac43f7f1c2 timestamp=2026-01-23T14:40:48.450-0800
2026-01-23T14:40:48.450-0800 [DEBUG] provider.terraform-provider-crusoe_v0.5.44: marking computed attribute that is null in the config as unknown: @caller=github.com/hashicorp/terraform-plugin-framework@v1.3.5/internal/fwserver/server_planresourcechange.go:399 tf_provider_addr=registry.terraform.io/crusoecloud/crusoe tf_rpc=PlanResourceChange @module=sdk.framework tf_attribute_path="AttributeName(\"fqdn\")" tf_req_id=a6f296d7-1560-f212-e3b8-50ac43f7f1c2 tf_resource_type=crusoe_compute_instance timestamp=2026-01-23T14:40:48.450-0800
2026-01-23T14:40:48.454-0800 [DEBUG] Resource instance state not found for node "local_file.node_hostfile[0]", instance local_file.node_hostfile[0]
2026-01-23T14:40:48.454-0800 [DEBUG] ReferenceTransformer: "local_file.node_hostfile[0]" references: []
2026-01-23T14:40:48.454-0800 [DEBUG] refresh: local_file.node_hostfile[0]: no state, so not refreshing
2026-01-23T14:40:48.454-0800 [DEBUG] Resource instance state not found for node "ansible_host.slurm_compute_node_host[\"slurm-compute-node-000\"]", instance ansible_host.slurm_compute_node_host["slurm-compute-node-000"]
2026-01-23T14:40:48.454-0800 [DEBUG] Resource instance state not found for node "ansible_host.slurm_compute_node_host[\"slurm-compute-node-001\"]", instance ansible_host.slurm_compute_node_host["slurm-compute-node-001"]
2026-01-23T14:40:48.454-0800 [DEBUG] ReferenceTransformer: "ansible_host.slurm_compute_node_host[\"slurm-compute-node-000\"]" references: []
2026-01-23T14:40:48.454-0800 [DEBUG] ReferenceTransformer: "ansible_host.slurm_compute_node_host[\"slurm-compute-node-001\"]" references: []
2026-01-23T14:40:48.454-0800 [DEBUG] refresh: ansible_host.slurm_compute_node_host["slurm-compute-node-000"]: no state, so not refreshing
2026-01-23T14:40:48.454-0800 [DEBUG] refresh: ansible_host.slurm_compute_node_host["slurm-compute-node-001"]: no state, so not refreshing
2026-01-23T14:40:48.456-0800 [WARN]  Provider "registry.terraform.io/ansible/ansible" produced an invalid plan for ansible_host.slurm_compute_node_host["slurm-compute-node-000"], but we are tolerating it because it is using the legacy plugin SDK.
    The following problems may be the cause of any confusing errors from downstream operations:
      - .variables: planned value cty.UnknownVal(cty.Map(cty.String)) does not match config value cty.MapVal(map[string]cty.Value{"ansible_host":cty.UnknownVal(cty.String), "instance_type":cty.StringVal("gb200-186gb-nvl-ib.4x"), "location":cty.StringVal("eu-iceland1-a"), "slurm_features":cty.StringVal("[\"batch\"]")})
2026-01-23T14:40:48.456-0800 [WARN]  Provider "registry.terraform.io/ansible/ansible" produced an invalid plan for ansible_host.slurm_compute_node_host["slurm-compute-node-001"], but we are tolerating it because it is using the legacy plugin SDK.
    The following problems may be the cause of any confusing errors from downstream operations:
      - .variables: planned value cty.UnknownVal(cty.Map(cty.String)) does not match config value cty.MapVal(map[string]cty.Value{"ansible_host":cty.UnknownVal(cty.String), "instance_type":cty.StringVal("gb200-186gb-nvl-ib.4x"), "location":cty.StringVal("eu-iceland1-a"), "slurm_features":cty.StringVal("[\"batch\"]")})
2026-01-23T14:40:48.457-0800 [DEBUG] provider.terraform-provider-local_v2.6.1_x5: Marking Computed attributes with null configuration values as unknown (known after apply) in the plan to prevent potential Terraform errors: @module=sdk.framework tf_req_id=5a43f154-fad9-9d3b-3bf3-2cd87cef7d16 tf_rpc=PlanResourceChange tf_provider_addr=registry.terraform.io/hashicorp/local tf_resource_type=local_file @caller=github.com/hashicorp/terraform-plugin-framework@v1.16.1/internal/fwserver/server_planresourcechange.go:250 timestamp=2026-01-23T14:40:48.457-0800
2026-01-23T14:40:48.458-0800 [DEBUG] provider.terraform-provider-local_v2.6.1_x5: marking computed attribute that is null in the config as unknown: tf_provider_addr=registry.terraform.io/hashicorp/local tf_rpc=PlanResourceChange @module=sdk.framework tf_req_id=5a43f154-fad9-9d3b-3bf3-2cd87cef7d16 tf_resource_type=local_file @caller=github.com/hashicorp/terraform-plugin-framework@v1.16.1/internal/fwserver/server_planresourcechange.go:538 tf_attribute_path="AttributeName(\"id\")" timestamp=2026-01-23T14:40:48.457-0800
2026-01-23T14:40:48.458-0800 [DEBUG] provider.terraform-provider-local_v2.6.1_x5: marking computed attribute that is null in the config as unknown: @caller=github.com/hashicorp/terraform-plugin-framework@v1.16.1/internal/fwserver/server_planresourcechange.go:538 tf_req_id=5a43f154-fad9-9d3b-3bf3-2cd87cef7d16 tf_resource_type=local_file @module=sdk.framework tf_attribute_path="AttributeName(\"content_sha256\")" tf_provider_addr=registry.terraform.io/hashicorp/local tf_rpc=PlanResourceChange timestamp=2026-01-23T14:40:48.457-0800
2026-01-23T14:40:48.458-0800 [DEBUG] provider.terraform-provider-local_v2.6.1_x5: marking computed attribute that is null in the config as unknown: tf_attribute_path="AttributeName(\"content_md5\")" tf_req_id=5a43f154-fad9-9d3b-3bf3-2cd87cef7d16 @caller=github.com/hashicorp/terraform-plugin-framework@v1.16.1/internal/fwserver/server_planresourcechange.go:538 @module=sdk.framework tf_provider_addr=registry.terraform.io/hashicorp/local tf_resource_type=local_file tf_rpc=PlanResourceChange timestamp=2026-01-23T14:40:48.457-0800
2026-01-23T14:40:48.458-0800 [DEBUG] provider.terraform-provider-local_v2.6.1_x5: marking computed attribute that is null in the config as unknown: tf_attribute_path="AttributeName(\"content_base64sha256\")" tf_provider_addr=registry.terraform.io/hashicorp/local tf_req_id=5a43f154-fad9-9d3b-3bf3-2cd87cef7d16 tf_rpc=PlanResourceChange @caller=github.com/hashicorp/terraform-plugin-framework@v1.16.1/internal/fwserver/server_planresourcechange.go:538 @module=sdk.framework tf_resource_type=local_file timestamp=2026-01-23T14:40:48.458-0800
2026-01-23T14:40:48.458-0800 [DEBUG] provider.terraform-provider-local_v2.6.1_x5: marking computed attribute that is null in the config as unknown: @caller=github.com/hashicorp/terraform-plugin-framework@v1.16.1/internal/fwserver/server_planresourcechange.go:538 tf_attribute_path="AttributeName(\"content_base64sha512\")" tf_provider_addr=registry.terraform.io/hashicorp/local tf_req_id=5a43f154-fad9-9d3b-3bf3-2cd87cef7d16 tf_resource_type=local_file tf_rpc=PlanResourceChange @module=sdk.framework timestamp=2026-01-23T14:40:48.458-0800
2026-01-23T14:40:48.458-0800 [DEBUG] provider.terraform-provider-local_v2.6.1_x5: marking computed attribute that is null in the config as unknown: tf_resource_type=local_file @module=sdk.framework tf_attribute_path="AttributeName(\"content_sha1\")" tf_provider_addr=registry.terraform.io/hashicorp/local tf_req_id=5a43f154-fad9-9d3b-3bf3-2cd87cef7d16 tf_rpc=PlanResourceChange @caller=github.com/hashicorp/terraform-plugin-framework@v1.16.1/internal/fwserver/server_planresourcechange.go:538 timestamp=2026-01-23T14:40:48.458-0800
2026-01-23T14:40:48.458-0800 [DEBUG] provider.terraform-provider-local_v2.6.1_x5: marking computed attribute that is null in the config as unknown: @module=sdk.framework tf_resource_type=local_file tf_rpc=PlanResourceChange @caller=github.com/hashicorp/terraform-plugin-framework@v1.16.1/internal/fwserver/server_planresourcechange.go:538 tf_attribute_path="AttributeName(\"content_sha512\")" tf_provider_addr=registry.terraform.io/hashicorp/local tf_req_id=5a43f154-fad9-9d3b-3bf3-2cd87cef7d16 timestamp=2026-01-23T14:40:48.458-0800
2026-01-23T14:40:48.459-0800 [DEBUG] provider.stdio: received EOF, stopping recv loop: err="rpc error: code = Unavailable desc = error reading from server: EOF"
2026-01-23T14:40:48.460-0800 [INFO]  provider: plugin process exited: plugin=.terraform/providers/registry.terraform.io/hashicorp/local/2.6.1/darwin_arm64/terraform-provider-local_v2.6.1_x5 id=38751
2026-01-23T14:40:48.460-0800 [DEBUG] provider: plugin exited
2026-01-23T14:40:48.552-0800 [DEBUG] provider.terraform-provider-crusoe_v0.5.44: Value switched to prior value due to semantic equality logic: tf_attribute_path=external_dns_name tf_provider_addr=registry.terraform.io/crusoecloud/crusoe tf_req_id=fc708270-d64c-6c61-2de4-da2d8f89377c tf_resource_type=crusoe_compute_instance tf_rpc=ReadResource @caller=github.com/hashicorp/terraform-plugin-framework@v1.3.5/internal/fwschemadata/value_semantic_equality.go:85 @module=sdk.framework timestamp=2026-01-23T14:40:48.552-0800
2026-01-23T14:40:48.552-0800 [DEBUG] provider.terraform-provider-crusoe_v0.5.44: Value switched to prior value due to semantic equality logic: @caller=github.com/hashicorp/terraform-plugin-framework@v1.3.5/internal/fwschemadata/value_semantic_equality.go:85 tf_attribute_path=name tf_provider_addr=registry.terraform.io/crusoecloud/crusoe tf_req_id=fc708270-d64c-6c61-2de4-da2d8f89377c tf_resource_type=crusoe_compute_instance tf_rpc=ReadResource @module=sdk.framework timestamp=2026-01-23T14:40:48.552-0800
2026-01-23T14:40:48.552-0800 [DEBUG] provider.terraform-provider-crusoe_v0.5.44: Value switched to prior value due to semantic equality logic: tf_provider_addr=registry.terraform.io/crusoecloud/crusoe @caller=github.com/hashicorp/terraform-plugin-framework@v1.3.5/internal/fwschemadata/value_semantic_equality.go:85 tf_attribute_path=image tf_req_id=fc708270-d64c-6c61-2de4-da2d8f89377c tf_resource_type=crusoe_compute_instance tf_rpc=ReadResource @module=sdk.framework timestamp=2026-01-23T14:40:48.552-0800
2026-01-23T14:40:48.552-0800 [DEBUG] provider.terraform-provider-crusoe_v0.5.44: Value switched to prior value due to semantic equality logic: tf_rpc=ReadResource @caller=github.com/hashicorp/terraform-plugin-framework@v1.3.5/internal/fwschemadata/value_semantic_equality.go:85 tf_attribute_path=internal_dns_name tf_provider_addr=registry.terraform.io/crusoecloud/crusoe tf_resource_type=crusoe_compute_instance @module=sdk.framework tf_req_id=fc708270-d64c-6c61-2de4-da2d8f89377c timestamp=2026-01-23T14:40:48.552-0800
2026-01-23T14:40:48.552-0800 [DEBUG] provider.terraform-provider-crusoe_v0.5.44: Value switched to prior value due to semantic equality logic: @caller=github.com/hashicorp/terraform-plugin-framework@v1.3.5/internal/fwschemadata/value_semantic_equality.go:85 @module=sdk.framework tf_req_id=fc708270-d64c-6c61-2de4-da2d8f89377c tf_rpc=ReadResource tf_attribute_path=type tf_provider_addr=registry.terraform.io/crusoecloud/crusoe tf_resource_type=crusoe_compute_instance timestamp=2026-01-23T14:40:48.552-0800
2026-01-23T14:40:48.552-0800 [DEBUG] provider.terraform-provider-crusoe_v0.5.44: Value switched to prior value due to semantic equality logic: tf_attribute_path="disks[Value({\"attachment_type\":\"data\",\"id\":\"5f021402-65fc-4610-b401-a5c50dcd5b2d\",\"mode\":\"read-write\"})].id" tf_req_id=fc708270-d64c-6c61-2de4-da2d8f89377c tf_resource_type=crusoe_compute_instance tf_rpc=ReadResource @module=sdk.framework tf_provider_addr=registry.terraform.io/crusoecloud/crusoe @caller=github.com/hashicorp/terraform-plugin-framework@v1.3.5/internal/fwschemadata/value_semantic_equality.go:85 timestamp=2026-01-23T14:40:48.552-0800
2026-01-23T14:40:48.552-0800 [DEBUG] provider.terraform-provider-crusoe_v0.5.44: Value switched to prior value due to semantic equality logic: @caller=github.com/hashicorp/terraform-plugin-framework@v1.3.5/internal/fwschemadata/value_semantic_equality.go:85 tf_req_id=fc708270-d64c-6c61-2de4-da2d8f89377c tf_rpc=ReadResource @module=sdk.framework tf_attribute_path="disks[Value({\"attachment_type\":\"data\",\"id\":\"5f021402-65fc-4610-b401-a5c50dcd5b2d\",\"mode\":\"read-write\"})].attachment_type" tf_provider_addr=registry.terraform.io/crusoecloud/crusoe tf_resource_type=crusoe_compute_instance timestamp=2026-01-23T14:40:48.552-0800
2026-01-23T14:40:48.552-0800 [DEBUG] provider.terraform-provider-crusoe_v0.5.44: Value switched to prior value due to semantic equality logic: @module=sdk.framework tf_provider_addr=registry.terraform.io/crusoecloud/crusoe tf_req_id=fc708270-d64c-6c61-2de4-da2d8f89377c @caller=github.com/hashicorp/terraform-plugin-framework@v1.3.5/internal/fwschemadata/value_semantic_equality.go:85 tf_attribute_path="disks[Value({\"attachment_type\":\"data\",\"id\":\"5f021402-65fc-4610-b401-a5c50dcd5b2d\",\"mode\":\"read-write\"})].mode" tf_resource_type=crusoe_compute_instance tf_rpc=ReadResource timestamp=2026-01-23T14:40:48.552-0800
2026-01-23T14:40:48.552-0800 [DEBUG] provider.terraform-provider-crusoe_v0.5.44: Value switched to prior value due to semantic equality logic: @caller=github.com/hashicorp/terraform-plugin-framework@v1.3.5/internal/fwschemadata/value_semantic_equality.go:85 tf_resource_type=crusoe_compute_instance tf_rpc=ReadResource @module=sdk.framework tf_attribute_path="disks[Value({\"attachment_type\":\"data\",\"id\":\"5f021402-65fc-4610-b401-a5c50dcd5b2d\",\"mode\":\"read-write\"})]" tf_provider_addr=registry.terraform.io/crusoecloud/crusoe tf_req_id=fc708270-d64c-6c61-2de4-da2d8f89377c timestamp=2026-01-23T14:40:48.552-0800
2026-01-23T14:40:48.552-0800 [DEBUG] provider.terraform-provider-crusoe_v0.5.44: Value switched to prior value due to semantic equality logic: @caller=github.com/hashicorp/terraform-plugin-framework@v1.3.5/internal/fwschemadata/value_semantic_equality.go:85 tf_provider_addr=registry.terraform.io/crusoecloud/crusoe tf_req_id=fc708270-d64c-6c61-2de4-da2d8f89377c tf_resource_type=crusoe_compute_instance @module=sdk.framework tf_attribute_path="disks[Value({\"attachment_type\":\"data\",\"id\":\"c22a0d6f-0c42-4e80-afcd-cdc1b8c96d14\",\"mode\":\"read-write\"})].mode" tf_rpc=ReadResource timestamp=2026-01-23T14:40:48.552-0800
2026-01-23T14:40:48.552-0800 [DEBUG] provider.terraform-provider-crusoe_v0.5.44: Value switched to prior value due to semantic equality logic: @caller=github.com/hashicorp/terraform-plugin-framework@v1.3.5/internal/fwschemadata/value_semantic_equality.go:85 @module=sdk.framework tf_attribute_path="disks[Value({\"attachment_type\":\"data\",\"id\":\"c22a0d6f-0c42-4e80-afcd-cdc1b8c96d14\",\"mode\":\"read-write\"})].id" tf_resource_type=crusoe_compute_instance tf_rpc=ReadResource tf_provider_addr=registry.terraform.io/crusoecloud/crusoe tf_req_id=fc708270-d64c-6c61-2de4-da2d8f89377c timestamp=2026-01-23T14:40:48.552-0800
2026-01-23T14:40:48.552-0800 [DEBUG] provider.terraform-provider-crusoe_v0.5.44: Value switched to prior value due to semantic equality logic: @caller=github.com/hashicorp/terraform-plugin-framework@v1.3.5/internal/fwschemadata/value_semantic_equality.go:85 @module=sdk.framework tf_provider_addr=registry.terraform.io/crusoecloud/crusoe tf_req_id=fc708270-d64c-6c61-2de4-da2d8f89377c tf_rpc=ReadResource tf_attribute_path="disks[Value({\"attachment_type\":\"data\",\"id\":\"c22a0d6f-0c42-4e80-afcd-cdc1b8c96d14\",\"mode\":\"read-write\"})].attachment_type" tf_resource_type=crusoe_compute_instance timestamp=2026-01-23T14:40:48.552-0800
2026-01-23T14:40:48.552-0800 [DEBUG] provider.terraform-provider-crusoe_v0.5.44: Value switched to prior value due to semantic equality logic: @caller=github.com/hashicorp/terraform-plugin-framework@v1.3.5/internal/fwschemadata/value_semantic_equality.go:85 @module=sdk.framework tf_attribute_path="disks[Value({\"attachment_type\":\"data\",\"id\":\"c22a0d6f-0c42-4e80-afcd-cdc1b8c96d14\",\"mode\":\"read-write\"})]" tf_req_id=fc708270-d64c-6c61-2de4-da2d8f89377c tf_resource_type=crusoe_compute_instance tf_rpc=ReadResource tf_provider_addr=registry.terraform.io/crusoecloud/crusoe timestamp=2026-01-23T14:40:48.552-0800
2026-01-23T14:40:48.552-0800 [DEBUG] provider.terraform-provider-crusoe_v0.5.44: Value switched to prior value due to semantic equality logic: tf_rpc=ReadResource tf_attribute_path=disks @caller=github.com/hashicorp/terraform-plugin-framework@v1.3.5/internal/fwschemadata/value_semantic_equality.go:85 @module=sdk.framework tf_provider_addr=registry.terraform.io/crusoecloud/crusoe tf_req_id=fc708270-d64c-6c61-2de4-da2d8f89377c tf_resource_type=crusoe_compute_instance timestamp=2026-01-23T14:40:48.552-0800
2026-01-23T14:40:48.552-0800 [DEBUG] provider.terraform-provider-crusoe_v0.5.44: Value switched to prior value due to semantic equality logic: @caller=github.com/hashicorp/terraform-plugin-framework@v1.3.5/internal/fwschemadata/value_semantic_equality.go:85 @module=sdk.framework tf_attribute_path=project_id tf_rpc=ReadResource tf_provider_addr=registry.terraform.io/crusoecloud/crusoe tf_req_id=fc708270-d64c-6c61-2de4-da2d8f89377c tf_resource_type=crusoe_compute_instance timestamp=2026-01-23T14:40:48.552-0800
2026-01-23T14:40:48.552-0800 [DEBUG] provider.terraform-provider-crusoe_v0.5.44: Value switched to prior value due to semantic equality logic: @caller=github.com/hashicorp/terraform-plugin-framework@v1.3.5/internal/fwschemadata/value_semantic_equality.go:85 @module=sdk.framework tf_provider_addr=registry.terraform.io/crusoecloud/crusoe tf_req_id=fc708270-d64c-6c61-2de4-da2d8f89377c tf_resource_type=crusoe_compute_instance tf_rpc=ReadResource tf_attribute_path=reservation_id timestamp=2026-01-23T14:40:48.552-0800
2026-01-23T14:40:48.552-0800 [DEBUG] provider.terraform-provider-crusoe_v0.5.44: Value switched to prior value due to semantic equality logic: tf_attribute_path=nvlink_domain_id tf_provider_addr=registry.terraform.io/crusoecloud/crusoe tf_req_id=fc708270-d64c-6c61-2de4-da2d8f89377c tf_resource_type=crusoe_compute_instance tf_rpc=ReadResource @caller=github.com/hashicorp/terraform-plugin-framework@v1.3.5/internal/fwschemadata/value_semantic_equality.go:85 @module=sdk.framework timestamp=2026-01-23T14:40:48.552-0800
2026-01-23T14:40:48.552-0800 [DEBUG] provider.terraform-provider-crusoe_v0.5.44: Value switched to prior value due to semantic equality logic: tf_attribute_path=id tf_provider_addr=registry.terraform.io/crusoecloud/crusoe tf_resource_type=crusoe_compute_instance tf_rpc=ReadResource @caller=github.com/hashicorp/terraform-plugin-framework@v1.3.5/internal/fwschemadata/value_semantic_equality.go:85 @module=sdk.framework tf_req_id=fc708270-d64c-6c61-2de4-da2d8f89377c timestamp=2026-01-23T14:40:48.552-0800
2026-01-23T14:40:48.552-0800 [DEBUG] provider.terraform-provider-crusoe_v0.5.44: Value switched to prior value due to semantic equality logic: tf_provider_addr=registry.terraform.io/crusoecloud/crusoe tf_req_id=fc708270-d64c-6c61-2de4-da2d8f89377c tf_rpc=ReadResource @caller=github.com/hashicorp/terraform-plugin-framework@v1.3.5/internal/fwschemadata/value_semantic_equality.go:85 @module=sdk.framework tf_attribute_path=fqdn tf_resource_type=crusoe_compute_instance timestamp=2026-01-23T14:40:48.552-0800
2026-01-23T14:40:48.552-0800 [DEBUG] provider.terraform-provider-crusoe_v0.5.44: Value switched to prior value due to semantic equality logic: @caller=github.com/hashicorp/terraform-plugin-framework@v1.3.5/internal/fwschemadata/value_semantic_equality.go:85 tf_provider_addr=registry.terraform.io/crusoecloud/crusoe tf_req_id=fc708270-d64c-6c61-2de4-da2d8f89377c tf_resource_type=crusoe_compute_instance @module=sdk.framework tf_attribute_path=location tf_rpc=ReadResource timestamp=2026-01-23T14:40:48.552-0800
2026-01-23T14:40:48.552-0800 [DEBUG] provider.terraform-provider-crusoe_v0.5.44: Value switched to prior value due to semantic equality logic: tf_attribute_path=ssh_key tf_provider_addr=registry.terraform.io/crusoecloud/crusoe tf_rpc=ReadResource @caller=github.com/hashicorp/terraform-plugin-framework@v1.3.5/internal/fwschemadata/value_semantic_equality.go:85 tf_req_id=fc708270-d64c-6c61-2de4-da2d8f89377c tf_resource_type=crusoe_compute_instance @module=sdk.framework timestamp=2026-01-23T14:40:48.552-0800
2026-01-23T14:40:48.553-0800 [DEBUG] provider.terraform-provider-crusoe_v0.5.44: Value switched to prior value due to semantic equality logic: @caller=github.com/hashicorp/terraform-plugin-framework@v1.3.5/internal/fwschemadata/value_semantic_equality.go:85 tf_attribute_path=network_interfaces[0].network tf_provider_addr=registry.terraform.io/crusoecloud/crusoe @module=sdk.framework tf_req_id=fc708270-d64c-6c61-2de4-da2d8f89377c tf_resource_type=crusoe_compute_instance tf_rpc=ReadResource timestamp=2026-01-23T14:40:48.553-0800
2026-01-23T14:40:48.553-0800 [DEBUG] provider.terraform-provider-crusoe_v0.5.44: Value switched to prior value due to semantic equality logic: @module=sdk.framework tf_provider_addr=registry.terraform.io/crusoecloud/crusoe tf_req_id=fc708270-d64c-6c61-2de4-da2d8f89377c tf_resource_type=crusoe_compute_instance tf_rpc=ReadResource @caller=github.com/hashicorp/terraform-plugin-framework@v1.3.5/internal/fwschemadata/value_semantic_equality.go:85 tf_attribute_path=network_interfaces[0].subnet timestamp=2026-01-23T14:40:48.553-0800
2026-01-23T14:40:48.553-0800 [DEBUG] provider.terraform-provider-crusoe_v0.5.44: Value switched to prior value due to semantic equality logic: @module=sdk.framework tf_provider_addr=registry.terraform.io/crusoecloud/crusoe tf_attribute_path=network_interfaces[0].interface_type tf_req_id=fc708270-d64c-6c61-2de4-da2d8f89377c tf_resource_type=crusoe_compute_instance tf_rpc=ReadResource @caller=github.com/hashicorp/terraform-plugin-framework@v1.3.5/internal/fwschemadata/value_semantic_equality.go:85 timestamp=2026-01-23T14:40:48.553-0800
2026-01-23T14:40:48.553-0800 [DEBUG] provider.terraform-provider-crusoe_v0.5.44: Value switched to prior value due to semantic equality logic: @caller=github.com/hashicorp/terraform-plugin-framework@v1.3.5/internal/fwschemadata/value_semantic_equality.go:85 tf_provider_addr=registry.terraform.io/crusoecloud/crusoe tf_req_id=fc708270-d64c-6c61-2de4-da2d8f89377c tf_rpc=ReadResource @module=sdk.framework tf_attribute_path=network_interfaces[0].private_ipv4.address tf_resource_type=crusoe_compute_instance timestamp=2026-01-23T14:40:48.553-0800
2026-01-23T14:40:48.553-0800 [DEBUG] provider.terraform-provider-crusoe_v0.5.44: Value switched to prior value due to semantic equality logic: @module=sdk.framework tf_attribute_path=network_interfaces[0].private_ipv4 tf_req_id=fc708270-d64c-6c61-2de4-da2d8f89377c tf_resource_type=crusoe_compute_instance @caller=github.com/hashicorp/terraform-plugin-framework@v1.3.5/internal/fwschemadata/value_semantic_equality.go:85 tf_provider_addr=registry.terraform.io/crusoecloud/crusoe tf_rpc=ReadResource timestamp=2026-01-23T14:40:48.553-0800
2026-01-23T14:40:48.553-0800 [DEBUG] provider.terraform-provider-crusoe_v0.5.44: Value switched to prior value due to semantic equality logic: tf_req_id=fc708270-d64c-6c61-2de4-da2d8f89377c tf_resource_type=crusoe_compute_instance tf_attribute_path=network_interfaces[0].public_ipv4.type tf_provider_addr=registry.terraform.io/crusoecloud/crusoe tf_rpc=ReadResource @caller=github.com/hashicorp/terraform-plugin-framework@v1.3.5/internal/fwschemadata/value_semantic_equality.go:85 @module=sdk.framework timestamp=2026-01-23T14:40:48.553-0800
2026-01-23T14:40:48.553-0800 [DEBUG] provider.terraform-provider-crusoe_v0.5.44: Value switched to prior value due to semantic equality logic: tf_resource_type=crusoe_compute_instance @caller=github.com/hashicorp/terraform-plugin-framework@v1.3.5/internal/fwschemadata/value_semantic_equality.go:85 @module=sdk.framework tf_req_id=fc708270-d64c-6c61-2de4-da2d8f89377c tf_rpc=ReadResource tf_attribute_path=network_interfaces[0].public_ipv4.id tf_provider_addr=registry.terraform.io/crusoecloud/crusoe timestamp=2026-01-23T14:40:48.553-0800
2026-01-23T14:40:48.553-0800 [DEBUG] provider.terraform-provider-crusoe_v0.5.44: Value switched to prior value due to semantic equality logic: tf_provider_addr=registry.terraform.io/crusoecloud/crusoe tf_resource_type=crusoe_compute_instance tf_req_id=fc708270-d64c-6c61-2de4-da2d8f89377c tf_rpc=ReadResource @caller=github.com/hashicorp/terraform-plugin-framework@v1.3.5/internal/fwschemadata/value_semantic_equality.go:85 @module=sdk.framework tf_attribute_path=network_interfaces[0].public_ipv4.address timestamp=2026-01-23T14:40:48.553-0800
2026-01-23T14:40:48.553-0800 [DEBUG] provider.terraform-provider-crusoe_v0.5.44: Value switched to prior value due to semantic equality logic: @caller=github.com/hashicorp/terraform-plugin-framework@v1.3.5/internal/fwschemadata/value_semantic_equality.go:85 tf_req_id=fc708270-d64c-6c61-2de4-da2d8f89377c tf_resource_type=crusoe_compute_instance tf_rpc=ReadResource @module=sdk.framework tf_attribute_path=network_interfaces[0].public_ipv4 tf_provider_addr=registry.terraform.io/crusoecloud/crusoe timestamp=2026-01-23T14:40:48.553-0800
2026-01-23T14:40:48.553-0800 [DEBUG] provider.terraform-provider-crusoe_v0.5.44: Value switched to prior value due to semantic equality logic: @caller=github.com/hashicorp/terraform-plugin-framework@v1.3.5/internal/fwschemadata/value_semantic_equality.go:85 tf_attribute_path=network_interfaces[0].id tf_provider_addr=registry.terraform.io/crusoecloud/crusoe tf_resource_type=crusoe_compute_instance tf_rpc=ReadResource @module=sdk.framework tf_req_id=fc708270-d64c-6c61-2de4-da2d8f89377c timestamp=2026-01-23T14:40:48.553-0800
2026-01-23T14:40:48.553-0800 [DEBUG] provider.terraform-provider-crusoe_v0.5.44: Value switched to prior value due to semantic equality logic: tf_provider_addr=registry.terraform.io/crusoecloud/crusoe tf_req_id=fc708270-d64c-6c61-2de4-da2d8f89377c tf_resource_type=crusoe_compute_instance @caller=github.com/hashicorp/terraform-plugin-framework@v1.3.5/internal/fwschemadata/value_semantic_equality.go:85 @module=sdk.framework tf_attribute_path=network_interfaces[0].name tf_rpc=ReadResource timestamp=2026-01-23T14:40:48.553-0800
2026-01-23T14:40:48.553-0800 [DEBUG] provider.terraform-provider-crusoe_v0.5.44: Value switched to prior value due to semantic equality logic: tf_attribute_path=network_interfaces[0] tf_rpc=ReadResource @caller=github.com/hashicorp/terraform-plugin-framework@v1.3.5/internal/fwschemadata/value_semantic_equality.go:85 tf_provider_addr=registry.terraform.io/crusoecloud/crusoe tf_req_id=fc708270-d64c-6c61-2de4-da2d8f89377c tf_resource_type=crusoe_compute_instance @module=sdk.framework timestamp=2026-01-23T14:40:48.553-0800
2026-01-23T14:40:48.553-0800 [DEBUG] provider.terraform-provider-crusoe_v0.5.44: Value switched to prior value due to semantic equality logic: tf_rpc=ReadResource @module=sdk.framework tf_attribute_path=network_interfaces @caller=github.com/hashicorp/terraform-plugin-framework@v1.3.5/internal/fwschemadata/value_semantic_equality.go:85 tf_provider_addr=registry.terraform.io/crusoecloud/crusoe tf_req_id=fc708270-d64c-6c61-2de4-da2d8f89377c tf_resource_type=crusoe_compute_instance timestamp=2026-01-23T14:40:48.553-0800
2026-01-23T14:40:48.554-0800 [DEBUG] skipping FixUpBlockAttrs
2026-01-23T14:40:48.554-0800 [DEBUG] provider.terraform-provider-crusoe_v0.5.44: Value switched to prior value due to semantic equality logic: @module=sdk.framework tf_provider_addr=registry.terraform.io/crusoecloud/crusoe tf_req_id=2ef4237f-c245-467e-53d8-3229f83de3aa tf_resource_type=crusoe_compute_instance tf_rpc=ReadResource @caller=github.com/hashicorp/terraform-plugin-framework@v1.3.5/internal/fwschemadata/value_semantic_equality.go:85 tf_attribute_path=image timestamp=2026-01-23T14:40:48.554-0800
2026-01-23T14:40:48.555-0800 [DEBUG] provider.terraform-provider-crusoe_v0.5.44: Value switched to prior value due to semantic equality logic: @caller=github.com/hashicorp/terraform-plugin-framework@v1.3.5/internal/fwschemadata/value_semantic_equality.go:85 tf_attribute_path="disks[Value({\"attachment_type\":\"data\",\"id\":\"10f66558-ac73-46e3-804e-8ada21b7b76b\",\"mode\":\"read-write\"})].mode" tf_req_id=2ef4237f-c245-467e-53d8-3229f83de3aa tf_resource_type=crusoe_compute_instance tf_rpc=ReadResource @module=sdk.framework tf_provider_addr=registry.terraform.io/crusoecloud/crusoe timestamp=2026-01-23T14:40:48.555-0800
2026-01-23T14:40:48.555-0800 [DEBUG] provider.terraform-provider-crusoe_v0.5.44: Value switched to prior value due to semantic equality logic: @module=sdk.framework tf_rpc=ReadResource tf_attribute_path="disks[Value({\"attachment_type\":\"data\",\"id\":\"10f66558-ac73-46e3-804e-8ada21b7b76b\",\"mode\":\"read-write\"})].id" tf_provider_addr=registry.terraform.io/crusoecloud/crusoe tf_req_id=2ef4237f-c245-467e-53d8-3229f83de3aa tf_resource_type=crusoe_compute_instance @caller=github.com/hashicorp/terraform-plugin-framework@v1.3.5/internal/fwschemadata/value_semantic_equality.go:85 timestamp=2026-01-23T14:40:48.555-0800
2026-01-23T14:40:48.555-0800 [DEBUG] provider.terraform-provider-crusoe_v0.5.44: Value switched to prior value due to semantic equality logic: @caller=github.com/hashicorp/terraform-plugin-framework@v1.3.5/internal/fwschemadata/value_semantic_equality.go:85 @module=sdk.framework tf_attribute_path="disks[Value({\"attachment_type\":\"data\",\"id\":\"10f66558-ac73-46e3-804e-8ada21b7b76b\",\"mode\":\"read-write\"})].attachment_type" tf_req_id=2ef4237f-c245-467e-53d8-3229f83de3aa tf_rpc=ReadResource tf_provider_addr=registry.terraform.io/crusoecloud/crusoe tf_resource_type=crusoe_compute_instance timestamp=2026-01-23T14:40:48.555-0800
2026-01-23T14:40:48.555-0800 [DEBUG] provider.terraform-provider-crusoe_v0.5.44: Value switched to prior value due to semantic equality logic: @module=sdk.framework tf_attribute_path="disks[Value({\"attachment_type\":\"data\",\"id\":\"10f66558-ac73-46e3-804e-8ada21b7b76b\",\"mode\":\"read-write\"})]" tf_provider_addr=registry.terraform.io/crusoecloud/crusoe @caller=github.com/hashicorp/terraform-plugin-framework@v1.3.5/internal/fwschemadata/value_semantic_equality.go:85 tf_req_id=2ef4237f-c245-467e-53d8-3229f83de3aa tf_resource_type=crusoe_compute_instance tf_rpc=ReadResource timestamp=2026-01-23T14:40:48.555-0800
2026-01-23T14:40:48.555-0800 [DEBUG] provider.terraform-provider-crusoe_v0.5.44: Value switched to prior value due to semantic equality logic: @caller=github.com/hashicorp/terraform-plugin-framework@v1.3.5/internal/fwschemadata/value_semantic_equality.go:85 tf_req_id=2ef4237f-c245-467e-53d8-3229f83de3aa tf_resource_type=crusoe_compute_instance tf_rpc=ReadResource @module=sdk.framework tf_attribute_path="disks[Value({\"attachment_type\":\"data\",\"id\":\"c22a0d6f-0c42-4e80-afcd-cdc1b8c96d14\",\"mode\":\"read-write\"})].mode" tf_provider_addr=registry.terraform.io/crusoecloud/crusoe timestamp=2026-01-23T14:40:48.555-0800
2026-01-23T14:40:48.555-0800 [DEBUG] provider.terraform-provider-crusoe_v0.5.44: Value switched to prior value due to semantic equality logic: tf_resource_type=crusoe_compute_instance tf_rpc=ReadResource @module=sdk.framework tf_attribute_path="disks[Value({\"attachment_type\":\"data\",\"id\":\"c22a0d6f-0c42-4e80-afcd-cdc1b8c96d14\",\"mode\":\"read-write\"})].id" @caller=github.com/hashicorp/terraform-plugin-framework@v1.3.5/internal/fwschemadata/value_semantic_equality.go:85 tf_provider_addr=registry.terraform.io/crusoecloud/crusoe tf_req_id=2ef4237f-c245-467e-53d8-3229f83de3aa timestamp=2026-01-23T14:40:48.555-0800
2026-01-23T14:40:48.555-0800 [DEBUG] provider.terraform-provider-crusoe_v0.5.44: Value switched to prior value due to semantic equality logic: @module=sdk.framework tf_attribute_path="disks[Value({\"attachment_type\":\"data\",\"id\":\"c22a0d6f-0c42-4e80-afcd-cdc1b8c96d14\",\"mode\":\"read-write\"})].attachment_type" tf_rpc=ReadResource @caller=github.com/hashicorp/terraform-plugin-framework@v1.3.5/internal/fwschemadata/value_semantic_equality.go:85 tf_provider_addr=registry.terraform.io/crusoecloud/crusoe tf_req_id=2ef4237f-c245-467e-53d8-3229f83de3aa tf_resource_type=crusoe_compute_instance timestamp=2026-01-23T14:40:48.555-0800
2026-01-23T14:40:48.555-0800 [DEBUG] provider.terraform-provider-crusoe_v0.5.44: Value switched to prior value due to semantic equality logic: tf_attribute_path="disks[Value({\"attachment_type\":\"data\",\"id\":\"c22a0d6f-0c42-4e80-afcd-cdc1b8c96d14\",\"mode\":\"read-write\"})]" tf_resource_type=crusoe_compute_instance @caller=github.com/hashicorp/terraform-plugin-framework@v1.3.5/internal/fwschemadata/value_semantic_equality.go:85 tf_provider_addr=registry.terraform.io/crusoecloud/crusoe tf_req_id=2ef4237f-c245-467e-53d8-3229f83de3aa tf_rpc=ReadResource @module=sdk.framework timestamp=2026-01-23T14:40:48.555-0800
2026-01-23T14:40:48.555-0800 [DEBUG] provider.terraform-provider-crusoe_v0.5.44: Value switched to prior value due to semantic equality logic: @module=sdk.framework tf_attribute_path=disks tf_req_id=2ef4237f-c245-467e-53d8-3229f83de3aa tf_resource_type=crusoe_compute_instance @caller=github.com/hashicorp/terraform-plugin-framework@v1.3.5/internal/fwschemadata/value_semantic_equality.go:85 tf_provider_addr=registry.terraform.io/crusoecloud/crusoe tf_rpc=ReadResource timestamp=2026-01-23T14:40:48.555-0800
2026-01-23T14:40:48.555-0800 [DEBUG] provider.terraform-provider-crusoe_v0.5.44: Value switched to prior value due to semantic equality logic: tf_attribute_path=name tf_resource_type=crusoe_compute_instance tf_provider_addr=registry.terraform.io/crusoecloud/crusoe tf_req_id=2ef4237f-c245-467e-53d8-3229f83de3aa tf_rpc=ReadResource @caller=github.com/hashicorp/terraform-plugin-framework@v1.3.5/internal/fwschemadata/value_semantic_equality.go:85 @module=sdk.framework timestamp=2026-01-23T14:40:48.555-0800
2026-01-23T14:40:48.555-0800 [DEBUG] provider.terraform-provider-crusoe_v0.5.44: Value switched to prior value due to semantic equality logic: tf_attribute_path=id tf_provider_addr=registry.terraform.io/crusoecloud/crusoe tf_req_id=2ef4237f-c245-467e-53d8-3229f83de3aa tf_resource_type=crusoe_compute_instance tf_rpc=ReadResource @caller=github.com/hashicorp/terraform-plugin-framework@v1.3.5/internal/fwschemadata/value_semantic_equality.go:85 @module=sdk.framework timestamp=2026-01-23T14:40:48.555-0800
2026-01-23T14:40:48.555-0800 [DEBUG] provider.terraform-provider-crusoe_v0.5.44: Value switched to prior value due to semantic equality logic: tf_rpc=ReadResource @caller=github.com/hashicorp/terraform-plugin-framework@v1.3.5/internal/fwschemadata/value_semantic_equality.go:85 @module=sdk.framework tf_attribute_path=reservation_id tf_resource_type=crusoe_compute_instance tf_provider_addr=registry.terraform.io/crusoecloud/crusoe tf_req_id=2ef4237f-c245-467e-53d8-3229f83de3aa timestamp=2026-01-23T14:40:48.555-0800
2026-01-23T14:40:48.555-0800 [DEBUG] provider.terraform-provider-crusoe_v0.5.44: Value switched to prior value due to semantic equality logic: tf_attribute_path=network_interfaces[0].private_ipv4.address tf_resource_type=crusoe_compute_instance @module=sdk.framework tf_provider_addr=registry.terraform.io/crusoecloud/crusoe tf_req_id=2ef4237f-c245-467e-53d8-3229f83de3aa tf_rpc=ReadResource @caller=github.com/hashicorp/terraform-plugin-framework@v1.3.5/internal/fwschemadata/value_semantic_equality.go:85 timestamp=2026-01-23T14:40:48.555-0800
2026-01-23T14:40:48.555-0800 [DEBUG] provider.terraform-provider-crusoe_v0.5.44: Value switched to prior value due to semantic equality logic: tf_attribute_path=network_interfaces[0].private_ipv4 tf_rpc=ReadResource @module=sdk.framework tf_provider_addr=registry.terraform.io/crusoecloud/crusoe tf_req_id=2ef4237f-c245-467e-53d8-3229f83de3aa tf_resource_type=crusoe_compute_instance @caller=github.com/hashicorp/terraform-plugin-framework@v1.3.5/internal/fwschemadata/value_semantic_equality.go:85 timestamp=2026-01-23T14:40:48.555-0800
2026-01-23T14:40:48.555-0800 [DEBUG] provider.terraform-provider-crusoe_v0.5.44: Value switched to prior value due to semantic equality logic: @caller=github.com/hashicorp/terraform-plugin-framework@v1.3.5/internal/fwschemadata/value_semantic_equality.go:85 tf_req_id=2ef4237f-c245-467e-53d8-3229f83de3aa tf_resource_type=crusoe_compute_instance @module=sdk.framework tf_attribute_path=network_interfaces[0].public_ipv4.id tf_provider_addr=registry.terraform.io/crusoecloud/crusoe tf_rpc=ReadResource timestamp=2026-01-23T14:40:48.555-0800
2026-01-23T14:40:48.555-0800 [DEBUG] provider.terraform-provider-crusoe_v0.5.44: Value switched to prior value due to semantic equality logic: tf_attribute_path=network_interfaces[0].public_ipv4.address tf_req_id=2ef4237f-c245-467e-53d8-3229f83de3aa @caller=github.com/hashicorp/terraform-plugin-framework@v1.3.5/internal/fwschemadata/value_semantic_equality.go:85 tf_provider_addr=registry.terraform.io/crusoecloud/crusoe tf_resource_type=crusoe_compute_instance tf_rpc=ReadResource @module=sdk.framework timestamp=2026-01-23T14:40:48.555-0800
2026-01-23T14:40:48.555-0800 [DEBUG] provider.terraform-provider-crusoe_v0.5.44: Value switched to prior value due to semantic equality logic: tf_resource_type=crusoe_compute_instance tf_rpc=ReadResource @caller=github.com/hashicorp/terraform-plugin-framework@v1.3.5/internal/fwschemadata/value_semantic_equality.go:85 tf_provider_addr=registry.terraform.io/crusoecloud/crusoe tf_req_id=2ef4237f-c245-467e-53d8-3229f83de3aa @module=sdk.framework tf_attribute_path=network_interfaces[0].public_ipv4.type timestamp=2026-01-23T14:40:48.555-0800
2026-01-23T14:40:48.555-0800 [DEBUG] provider.terraform-provider-crusoe_v0.5.44: Value switched to prior value due to semantic equality logic: tf_attribute_path=network_interfaces[0].public_ipv4 tf_provider_addr=registry.terraform.io/crusoecloud/crusoe tf_req_id=2ef4237f-c245-467e-53d8-3229f83de3aa @caller=github.com/hashicorp/terraform-plugin-framework@v1.3.5/internal/fwschemadata/value_semantic_equality.go:85 @module=sdk.framework tf_resource_type=crusoe_compute_instance tf_rpc=ReadResource timestamp=2026-01-23T14:40:48.555-0800
2026-01-23T14:40:48.555-0800 [DEBUG] provider.terraform-provider-crusoe_v0.5.44: Value switched to prior value due to semantic equality logic: tf_rpc=ReadResource tf_provider_addr=registry.terraform.io/crusoecloud/crusoe tf_req_id=2ef4237f-c245-467e-53d8-3229f83de3aa @caller=github.com/hashicorp/terraform-plugin-framework@v1.3.5/internal/fwschemadata/value_semantic_equality.go:85 @module=sdk.framework tf_attribute_path=network_interfaces[0].id tf_resource_type=crusoe_compute_instance timestamp=2026-01-23T14:40:48.555-0800
2026-01-23T14:40:48.555-0800 [DEBUG] provider.terraform-provider-crusoe_v0.5.44: Value switched to prior value due to semantic equality logic: tf_attribute_path=network_interfaces[0].name tf_provider_addr=registry.terraform.io/crusoecloud/crusoe tf_req_id=2ef4237f-c245-467e-53d8-3229f83de3aa tf_rpc=ReadResource @caller=github.com/hashicorp/terraform-plugin-framework@v1.3.5/internal/fwschemadata/value_semantic_equality.go:85 @module=sdk.framework tf_resource_type=crusoe_compute_instance timestamp=2026-01-23T14:40:48.555-0800
2026-01-23T14:40:48.555-0800 [DEBUG] provider.terraform-provider-crusoe_v0.5.44: Value switched to prior value due to semantic equality logic: @caller=github.com/hashicorp/terraform-plugin-framework@v1.3.5/internal/fwschemadata/value_semantic_equality.go:85 @module=sdk.framework tf_attribute_path=network_interfaces[0].network tf_provider_addr=registry.terraform.io/crusoecloud/crusoe tf_resource_type=crusoe_compute_instance tf_rpc=ReadResource tf_req_id=2ef4237f-c245-467e-53d8-3229f83de3aa timestamp=2026-01-23T14:40:48.555-0800
2026-01-23T14:40:48.555-0800 [DEBUG] provider.terraform-provider-crusoe_v0.5.44: Value switched to prior value due to semantic equality logic: @module=sdk.framework tf_attribute_path=network_interfaces[0].subnet tf_req_id=2ef4237f-c245-467e-53d8-3229f83de3aa tf_resource_type=crusoe_compute_instance tf_rpc=ReadResource @caller=github.com/hashicorp/terraform-plugin-framework@v1.3.5/internal/fwschemadata/value_semantic_equality.go:85 tf_provider_addr=registry.terraform.io/crusoecloud/crusoe timestamp=2026-01-23T14:40:48.555-0800
2026-01-23T14:40:48.555-0800 [DEBUG] provider.terraform-provider-crusoe_v0.5.44: Value switched to prior value due to semantic equality logic: @caller=github.com/hashicorp/terraform-plugin-framework@v1.3.5/internal/fwschemadata/value_semantic_equality.go:85 @module=sdk.framework tf_provider_addr=registry.terraform.io/crusoecloud/crusoe tf_resource_type=crusoe_compute_instance tf_rpc=ReadResource tf_attribute_path=network_interfaces[0].interface_type tf_req_id=2ef4237f-c245-467e-53d8-3229f83de3aa timestamp=2026-01-23T14:40:48.555-0800
2026-01-23T14:40:48.555-0800 [DEBUG] provider.terraform-provider-crusoe_v0.5.44: Value switched to prior value due to semantic equality logic: tf_provider_addr=registry.terraform.io/crusoecloud/crusoe tf_req_id=2ef4237f-c245-467e-53d8-3229f83de3aa tf_rpc=ReadResource @caller=github.com/hashicorp/terraform-plugin-framework@v1.3.5/internal/fwschemadata/value_semantic_equality.go:85 @module=sdk.framework tf_attribute_path=network_interfaces[0] tf_resource_type=crusoe_compute_instance timestamp=2026-01-23T14:40:48.555-0800
2026-01-23T14:40:48.555-0800 [DEBUG] provider.terraform-provider-crusoe_v0.5.44: Value switched to prior value due to semantic equality logic: @caller=github.com/hashicorp/terraform-plugin-framework@v1.3.5/internal/fwschemadata/value_semantic_equality.go:85 tf_attribute_path=network_interfaces tf_provider_addr=registry.terraform.io/crusoecloud/crusoe @module=sdk.framework tf_req_id=2ef4237f-c245-467e-53d8-3229f83de3aa tf_resource_type=crusoe_compute_instance tf_rpc=ReadResource timestamp=2026-01-23T14:40:48.555-0800
2026-01-23T14:40:48.555-0800 [DEBUG] provider.terraform-provider-crusoe_v0.5.44: Value switched to prior value due to semantic equality logic: tf_req_id=2ef4237f-c245-467e-53d8-3229f83de3aa tf_resource_type=crusoe_compute_instance @module=sdk.framework tf_provider_addr=registry.terraform.io/crusoecloud/crusoe tf_rpc=ReadResource @caller=github.com/hashicorp/terraform-plugin-framework@v1.3.5/internal/fwschemadata/value_semantic_equality.go:85 tf_attribute_path=location timestamp=2026-01-23T14:40:48.555-0800
2026-01-23T14:40:48.555-0800 [DEBUG] provider.terraform-provider-crusoe_v0.5.44: Value switched to prior value due to semantic equality logic: tf_resource_type=crusoe_compute_instance tf_rpc=ReadResource tf_provider_addr=registry.terraform.io/crusoecloud/crusoe @caller=github.com/hashicorp/terraform-plugin-framework@v1.3.5/internal/fwschemadata/value_semantic_equality.go:85 @module=sdk.framework tf_attribute_path=internal_dns_name tf_req_id=2ef4237f-c245-467e-53d8-3229f83de3aa timestamp=2026-01-23T14:40:48.555-0800
2026-01-23T14:40:48.555-0800 [DEBUG] provider.terraform-provider-crusoe_v0.5.44: Value switched to prior value due to semantic equality logic: tf_resource_type=crusoe_compute_instance tf_attribute_path=external_dns_name tf_provider_addr=registry.terraform.io/crusoecloud/crusoe tf_req_id=2ef4237f-c245-467e-53d8-3229f83de3aa tf_rpc=ReadResource @caller=github.com/hashicorp/terraform-plugin-framework@v1.3.5/internal/fwschemadata/value_semantic_equality.go:85 @module=sdk.framework timestamp=2026-01-23T14:40:48.555-0800
2026-01-23T14:40:48.555-0800 [DEBUG] provider.terraform-provider-crusoe_v0.5.44: Value switched to prior value due to semantic equality logic: @caller=github.com/hashicorp/terraform-plugin-framework@v1.3.5/internal/fwschemadata/value_semantic_equality.go:85 tf_provider_addr=registry.terraform.io/crusoecloud/crusoe tf_req_id=2ef4237f-c245-467e-53d8-3229f83de3aa tf_resource_type=crusoe_compute_instance @module=sdk.framework tf_attribute_path=type tf_rpc=ReadResource timestamp=2026-01-23T14:40:48.555-0800
2026-01-23T14:40:48.555-0800 [DEBUG] provider.terraform-provider-crusoe_v0.5.44: Value switched to prior value due to semantic equality logic: @module=sdk.framework tf_attribute_path=ssh_key tf_provider_addr=registry.terraform.io/crusoecloud/crusoe tf_rpc=ReadResource @caller=github.com/hashicorp/terraform-plugin-framework@v1.3.5/internal/fwschemadata/value_semantic_equality.go:85 tf_req_id=2ef4237f-c245-467e-53d8-3229f83de3aa tf_resource_type=crusoe_compute_instance timestamp=2026-01-23T14:40:48.555-0800
2026-01-23T14:40:48.555-0800 [DEBUG] provider.terraform-provider-crusoe_v0.5.44: Value switched to prior value due to semantic equality logic: @caller=github.com/hashicorp/terraform-plugin-framework@v1.3.5/internal/fwschemadata/value_semantic_equality.go:85 @module=sdk.framework tf_attribute_path=fqdn tf_req_id=2ef4237f-c245-467e-53d8-3229f83de3aa tf_resource_type=crusoe_compute_instance tf_rpc=ReadResource tf_provider_addr=registry.terraform.io/crusoecloud/crusoe timestamp=2026-01-23T14:40:48.555-0800
2026-01-23T14:40:48.555-0800 [DEBUG] provider.terraform-provider-crusoe_v0.5.44: Value switched to prior value due to semantic equality logic: tf_attribute_path=nvlink_domain_id tf_provider_addr=registry.terraform.io/crusoecloud/crusoe tf_req_id=2ef4237f-c245-467e-53d8-3229f83de3aa tf_resource_type=crusoe_compute_instance tf_rpc=ReadResource @caller=github.com/hashicorp/terraform-plugin-framework@v1.3.5/internal/fwschemadata/value_semantic_equality.go:85 @module=sdk.framework timestamp=2026-01-23T14:40:48.555-0800
2026-01-23T14:40:48.555-0800 [DEBUG] provider.terraform-provider-crusoe_v0.5.44: Value switched to prior value due to semantic equality logic: @caller=github.com/hashicorp/terraform-plugin-framework@v1.3.5/internal/fwschemadata/value_semantic_equality.go:85 tf_attribute_path=project_id tf_resource_type=crusoe_compute_instance @module=sdk.framework tf_provider_addr=registry.terraform.io/crusoecloud/crusoe tf_req_id=2ef4237f-c245-467e-53d8-3229f83de3aa tf_rpc=ReadResource timestamp=2026-01-23T14:40:48.555-0800
2026-01-23T14:40:48.556-0800 [DEBUG] skipping FixUpBlockAttrs
2026-01-23T14:40:48.564-0800 [DEBUG] ReferenceTransformer: "ansible_host.slurm_login_node_host[\"slurm-login-node-0\"]" references: []
2026-01-23T14:40:48.564-0800 [DEBUG] ReferenceTransformer: "ansible_host.slurm_head_node_host[\"slurm-head-node-0\"]" references: []
2026-01-23T14:40:48.565-0800 [DEBUG] provider.stdio: received EOF, stopping recv loop: err="rpc error: code = Unavailable desc = error reading from server: EOF"
2026-01-23T14:40:48.566-0800 [INFO]  provider: plugin process exited: plugin=.terraform/providers/registry.terraform.io/crusoecloud/crusoe/0.5.44/darwin_arm64/terraform-provider-crusoe_v0.5.44 id=38754
2026-01-23T14:40:48.566-0800 [DEBUG] provider: plugin exited
[0m[1mansible_host.slurm_login_node_host["slurm-login-node-0"]: Refreshing state... [id=slurm-login-node-0][0m
[0m[1mansible_host.slurm_head_node_host["slurm-head-node-0"]: Refreshing state... [id=slurm-head-node-0][0m
2026-01-23T14:40:48.569-0800 [DEBUG] Resource instance state not found for node "null_resource.ansible_playbook", instance null_resource.ansible_playbook
2026-01-23T14:40:48.569-0800 [DEBUG] ReferenceTransformer: "null_resource.ansible_playbook" references: []
2026-01-23T14:40:48.570-0800 [DEBUG] provider.stdio: received EOF, stopping recv loop: err="rpc error: code = Unavailable desc = error reading from server: EOF"
2026-01-23T14:40:48.571-0800 [INFO]  provider: plugin process exited: plugin=.terraform/providers/registry.terraform.io/ansible/ansible/1.3.0/darwin_arm64/terraform-provider-ansible_v1.3.0 id=38753
2026-01-23T14:40:48.571-0800 [DEBUG] provider: plugin exited
2026-01-23T14:40:48.571-0800 [DEBUG] refresh: null_resource.ansible_playbook: no state, so not refreshing
2026-01-23T14:40:48.572-0800 [DEBUG] provider.terraform-provider-null_v3.2.4_x5: Marking Computed attributes with null configuration values as unknown (known after apply) in the plan to prevent potential Terraform errors: @caller=github.com/hashicorp/terraform-plugin-framework@v1.14.1/internal/fwserver/server_planresourcechange.go:229 tf_provider_addr=registry.terraform.io/hashicorp/null tf_req_id=fb4f9211-3e19-21e6-0df1-9bcb6ecffb10 tf_rpc=PlanResourceChange @module=sdk.framework tf_resource_type=null_resource timestamp=2026-01-23T14:40:48.572-0800
2026-01-23T14:40:48.572-0800 [DEBUG] provider.terraform-provider-null_v3.2.4_x5: marking computed attribute that is null in the config as unknown: tf_attribute_path="AttributeName(\"id\")" tf_resource_type=null_resource tf_rpc=PlanResourceChange @caller=github.com/hashicorp/terraform-plugin-framework@v1.14.1/internal/fwserver/server_planresourcechange.go:480 @module=sdk.framework tf_provider_addr=registry.terraform.io/hashicorp/null tf_req_id=fb4f9211-3e19-21e6-0df1-9bcb6ecffb10 timestamp=2026-01-23T14:40:48.572-0800
2026-01-23T14:40:48.573-0800 [DEBUG] provider.stdio: received EOF, stopping recv loop: err="rpc error: code = Unavailable desc = error reading from server: EOF"
2026-01-23T14:40:48.574-0800 [INFO]  provider: plugin process exited: plugin=.terraform/providers/registry.terraform.io/hashicorp/null/3.2.4/darwin_arm64/terraform-provider-null_v3.2.4_x5 id=38752
2026-01-23T14:40:48.574-0800 [DEBUG] provider: plugin exited
2026-01-23T14:40:48.575-0800 [DEBUG] building apply graph to check for errors
2026-01-23T14:40:48.575-0800 [DEBUG] Resource state not found for node "crusoe_compute_instance.slurm_compute_node[0]", instance crusoe_compute_instance.slurm_compute_node[0]
2026-01-23T14:40:48.575-0800 [DEBUG] Resource state not found for node "crusoe_compute_instance.slurm_compute_node[1]", instance crusoe_compute_instance.slurm_compute_node[1]
2026-01-23T14:40:48.575-0800 [DEBUG] Resource state not found for node "local_file.node_hostfile[0]", instance local_file.node_hostfile[0]
2026-01-23T14:40:48.575-0800 [DEBUG] Resource state not found for node "ansible_host.slurm_compute_node_host[\"slurm-compute-node-000\"]", instance ansible_host.slurm_compute_node_host["slurm-compute-node-000"]
2026-01-23T14:40:48.575-0800 [DEBUG] Resource state not found for node "ansible_host.slurm_compute_node_host[\"slurm-compute-node-001\"]", instance ansible_host.slurm_compute_node_host["slurm-compute-node-001"]
2026-01-23T14:40:48.575-0800 [DEBUG] Resource state not found for node "null_resource.ansible_playbook", instance null_resource.ansible_playbook
2026-01-23T14:40:48.575-0800 [DEBUG] adding implicit provider configuration provider["registry.terraform.io/hashicorp/local"], implied first by local_file.node_hostfile (expand)
2026-01-23T14:40:48.575-0800 [DEBUG] adding implicit provider configuration provider["registry.terraform.io/hashicorp/null"], implied first by null_resource.ansible_playbook
2026-01-23T14:40:48.575-0800 [DEBUG] ProviderTransformer: "crusoe_compute_instance.slurm_compute_node (expand)" (*terraform.nodeExpandApplyableResource) needs provider["registry.terraform.io/crusoecloud/crusoe"]
2026-01-23T14:40:48.575-0800 [DEBUG] ProviderTransformer: "crusoe_compute_instance.slurm_compute_node[0]" (*terraform.NodeApplyableResourceInstance) needs provider["registry.terraform.io/crusoecloud/crusoe"]
2026-01-23T14:40:48.575-0800 [DEBUG] ProviderTransformer: "crusoe_compute_instance.slurm_login_node (expand)" (*terraform.nodeExpandApplyableResource) needs provider["registry.terraform.io/crusoecloud/crusoe"]
2026-01-23T14:40:48.575-0800 [DEBUG] ProviderTransformer: "ansible_group.all (expand)" (*terraform.nodeExpandApplyableResource) needs provider["registry.terraform.io/ansible/ansible"]
2026-01-23T14:40:48.575-0800 [DEBUG] ProviderTransformer: "crusoe_compute_instance.slurm_compute_node[1]" (*terraform.NodeApplyableResourceInstance) needs provider["registry.terraform.io/crusoecloud/crusoe"]
2026-01-23T14:40:48.575-0800 [DEBUG] ProviderTransformer: "null_resource.ansible_playbook (expand)" (*terraform.nodeExpandApplyableResource) needs provider["registry.terraform.io/hashicorp/null"]
2026-01-23T14:40:48.575-0800 [DEBUG] ProviderTransformer: "crusoe_vpc_firewall_rule.allow_grafana_access (expand)" (*terraform.nodeExpandApplyableResource) needs provider["registry.terraform.io/crusoecloud/crusoe"]
2026-01-23T14:40:48.575-0800 [DEBUG] ProviderTransformer: "crusoe_compute_instance.slurm_head_node (expand)" (*terraform.nodeExpandApplyableResource) needs provider["registry.terraform.io/crusoecloud/crusoe"]
2026-01-23T14:40:48.575-0800 [DEBUG] ProviderTransformer: "crusoe_storage_disk.slurm_nfs_home_disk (expand)" (*terraform.nodeExpandApplyableResource) needs provider["registry.terraform.io/crusoecloud/crusoe"]
2026-01-23T14:40:48.575-0800 [DEBUG] ProviderTransformer: "ansible_host.slurm_compute_node_host (expand)" (*terraform.nodeExpandApplyableResource) needs provider["registry.terraform.io/ansible/ansible"]
2026-01-23T14:40:48.575-0800 [DEBUG] ProviderTransformer: "ansible_host.slurm_login_node_host (expand)" (*terraform.nodeExpandApplyableResource) needs provider["registry.terraform.io/ansible/ansible"]
2026-01-23T14:40:48.575-0800 [DEBUG] ProviderTransformer: "ansible_host.slurm_compute_node_host[\"slurm-compute-node-001\"]" (*terraform.NodeApplyableResourceInstance) needs provider["registry.terraform.io/ansible/ansible"]
2026-01-23T14:40:48.575-0800 [DEBUG] ProviderTransformer: "null_resource.ansible_playbook" (*terraform.NodeApplyableResourceInstance) needs provider["registry.terraform.io/hashicorp/null"]
2026-01-23T14:40:48.575-0800 [DEBUG] ProviderTransformer: "ansible_host.slurm_compute_node_host[\"slurm-compute-node-000\"]" (*terraform.NodeApplyableResourceInstance) needs provider["registry.terraform.io/ansible/ansible"]
2026-01-23T14:40:48.575-0800 [DEBUG] ProviderTransformer: "local_file.node_hostfile (expand)" (*terraform.nodeExpandApplyableResource) needs provider["registry.terraform.io/hashicorp/local"]
2026-01-23T14:40:48.575-0800 [DEBUG] ProviderTransformer: "local_file.node_hostfile[0]" (*terraform.NodeApplyableResourceInstance) needs provider["registry.terraform.io/hashicorp/local"]
2026-01-23T14:40:48.575-0800 [DEBUG] ProviderTransformer: "crusoe_storage_disk.slurm_data_disk (expand)" (*terraform.nodeExpandApplyableResource) needs provider["registry.terraform.io/crusoecloud/crusoe"]
2026-01-23T14:40:48.575-0800 [DEBUG] ProviderTransformer: "ansible_host.slurm_head_node_host (expand)" (*terraform.nodeExpandApplyableResource) needs provider["registry.terraform.io/ansible/ansible"]
2026-01-23T14:40:48.575-0800 [DEBUG] ProviderTransformer: "crusoe_storage_disk.slurmctld_disk (expand)" (*terraform.nodeExpandApplyableResource) needs provider["registry.terraform.io/crusoecloud/crusoe"]
2026-01-23T14:40:48.576-0800 [DEBUG] ReferenceTransformer: "var.slurm_head_node_ib_partition_id" references: []
2026-01-23T14:40:48.576-0800 [DEBUG] ReferenceTransformer: "output.slurm_login_nodes_addr (expand)" references: [crusoe_compute_instance.slurm_login_node (expand)]
2026-01-23T14:40:48.576-0800 [DEBUG] ReferenceTransformer: "output.slurm_compute_nodes_addr (expand)" references: [crusoe_compute_instance.slurm_compute_node[1] crusoe_compute_instance.slurm_compute_node (expand) crusoe_compute_instance.slurm_compute_node[0]]
2026-01-23T14:40:48.576-0800 [DEBUG] ReferenceTransformer: "crusoe_compute_instance.slurm_compute_node[1]" references: [var.slurm_compute_node_count var.slurm_compute_node_ib_partition_id var.slurm_compute_node_ib_partition_id var.slurm_compute_node_type local.ssh_public_key (expand) var.compute_node_custom_image_name var.compute_node_custom_image_name var.location var.vpc_subnet_id var.slurm_compute_node_reservation_id var.enable_imex_support crusoe_storage_disk.slurm_nfs_home_disk (expand) var.pre_existing_slurm_data_disk_id crusoe_storage_disk.slurm_data_disk (expand) var.project_id var.compute_node_custom_image_name]
2026-01-23T14:40:48.576-0800 [DEBUG] ReferenceTransformer: "crusoe_storage_disk.slurm_nfs_home_disk (expand)" references: [var.location var.project_id var.slurm_shared_disk_nfs_home_size]
2026-01-23T14:40:48.576-0800 [DEBUG] ReferenceTransformer: "ansible_host.slurm_compute_node_host (expand)" references: [crusoe_compute_instance.slurm_compute_node[1] crusoe_compute_instance.slurm_compute_node (expand) crusoe_compute_instance.slurm_compute_node[0]]
2026-01-23T14:40:48.576-0800 [DEBUG] ReferenceTransformer: "crusoe_storage_disk.slurmctld_disk (expand)" references: [var.slurmctld_disk_size var.location var.project_id]
2026-01-23T14:40:48.576-0800 [DEBUG] ReferenceTransformer: "var.slurm_shared_disk_nfs_home_size" references: []
2026-01-23T14:40:48.576-0800 [DEBUG] ReferenceTransformer: "var.slurm_compute_node_count" references: []
2026-01-23T14:40:48.576-0800 [DEBUG] ReferenceTransformer: "ansible_host.slurm_login_node_host (expand)" references: [crusoe_compute_instance.slurm_login_node (expand)]
2026-01-23T14:40:48.576-0800 [DEBUG] ReferenceTransformer: "crusoe_vpc_firewall_rule.allow_grafana_access (expand)" references: [var.enable_observability crusoe_compute_instance.slurm_head_node (expand) crusoe_compute_instance.slurm_head_node (expand)]
2026-01-23T14:40:48.576-0800 [DEBUG] ReferenceTransformer: "var.vpc_subnet_id" references: []
2026-01-23T14:40:48.576-0800 [DEBUG] ReferenceTransformer: "var.slurm_users" references: []
2026-01-23T14:40:48.576-0800 [DEBUG] ReferenceTransformer: "var.slurm_compute_node_ib_partition_id" references: []
2026-01-23T14:40:48.576-0800 [DEBUG] ReferenceTransformer: "ansible_host.slurm_compute_node_host[\"slurm-compute-node-001\"]" references: [crusoe_compute_instance.slurm_compute_node[1] crusoe_compute_instance.slurm_compute_node (expand) crusoe_compute_instance.slurm_compute_node[0]]
2026-01-23T14:40:48.576-0800 [DEBUG] ReferenceTransformer: "provider[\"registry.terraform.io/ansible/ansible\"]" references: []
2026-01-23T14:40:48.576-0800 [DEBUG] ReferenceTransformer: "null_resource.ansible_playbook (expand)" references: [ansible_host.slurm_head_node_host (expand) ansible_host.slurm_login_node_host (expand) ansible_host.slurm_compute_node_host (expand) ansible_host.slurm_compute_node_host["slurm-compute-node-001"] ansible_host.slurm_compute_node_host["slurm-compute-node-000"] ansible_group.all (expand)]
2026-01-23T14:40:48.576-0800 [DEBUG] ReferenceTransformer: "crusoe_compute_instance.slurm_compute_node (expand)" references: [var.slurm_compute_node_count var.location var.vpc_subnet_id var.enable_imex_support crusoe_storage_disk.slurm_nfs_home_disk (expand) var.pre_existing_slurm_data_disk_id crusoe_storage_disk.slurm_data_disk (expand) var.project_id var.slurm_compute_node_reservation_id var.compute_node_custom_image_name var.slurm_compute_node_ib_partition_id var.slurm_compute_node_ib_partition_id var.slurm_compute_node_type local.ssh_public_key (expand) var.compute_node_custom_image_name var.compute_node_custom_image_name]
2026-01-23T14:40:48.576-0800 [DEBUG] ReferenceTransformer: "var.slurmctld_disk_size" references: []
2026-01-23T14:40:48.576-0800 [DEBUG] ReferenceTransformer: "var.ssh_public_key_path" references: []
2026-01-23T14:40:48.576-0800 [DEBUG] ReferenceTransformer: "var.slurm_data_disk_size" references: []
2026-01-23T14:40:48.576-0800 [DEBUG] ReferenceTransformer: "var.slurm_login_node_type" references: []
2026-01-23T14:40:48.576-0800 [DEBUG] ReferenceTransformer: "crusoe_compute_instance.slurm_compute_node[0]" references: [var.slurm_compute_node_count var.vpc_subnet_id var.enable_imex_support var.project_id local.ssh_public_key (expand) var.compute_node_custom_image_name var.compute_node_custom_image_name var.location var.slurm_compute_node_reservation_id var.compute_node_custom_image_name var.slurm_compute_node_ib_partition_id var.slurm_compute_node_ib_partition_id crusoe_storage_disk.slurm_nfs_home_disk (expand) var.pre_existing_slurm_data_disk_id crusoe_storage_disk.slurm_data_disk (expand) var.slurm_compute_node_type]
2026-01-23T14:40:48.576-0800 [DEBUG] ReferenceTransformer: "var.slurm_head_node_count" references: []
2026-01-23T14:40:48.576-0800 [DEBUG] ReferenceTransformer: "local_file.node_hostfile (expand)" references: [var.enable_imex_support crusoe_compute_instance.slurm_compute_node[1] crusoe_compute_instance.slurm_compute_node (expand) crusoe_compute_instance.slurm_compute_node[0]]
2026-01-23T14:40:48.576-0800 [DEBUG] ReferenceTransformer: "crusoe_compute_instance.slurm_login_node (expand)" references: [var.slurm_login_node_count crusoe_storage_disk.slurm_nfs_home_disk (expand) var.pre_existing_slurm_data_disk_id crusoe_storage_disk.slurm_data_disk (expand) var.slurm_login_node_type var.vpc_subnet_id var.slurm_login_node_ib_partition_id var.slurm_login_node_ib_partition_id var.project_id local.ssh_public_key (expand) var.login_node_custom_image_name var.login_node_custom_image_name var.location var.slurm_login_node_reservation_id var.login_node_custom_image_name]
2026-01-23T14:40:48.576-0800 [DEBUG] ReferenceTransformer: "var.location" references: []
2026-01-23T14:40:48.576-0800 [DEBUG] ReferenceTransformer: "var.slurm_login_node_reservation_id" references: []
2026-01-23T14:40:48.576-0800 [DEBUG] ReferenceTransformer: "var.compute_node_custom_image_name" references: []
2026-01-23T14:40:48.576-0800 [DEBUG] ReferenceTransformer: "var.vastnfs_version" references: []
2026-01-23T14:40:48.576-0800 [DEBUG] ReferenceTransformer: "var.login_node_custom_image_name" references: []
2026-01-23T14:40:48.576-0800 [DEBUG] ReferenceTransformer: "local_file.node_hostfile[0]" references: [var.enable_imex_support crusoe_compute_instance.slurm_compute_node[1] crusoe_compute_instance.slurm_compute_node (expand) crusoe_compute_instance.slurm_compute_node[0]]
2026-01-23T14:40:48.576-0800 [DEBUG] ReferenceTransformer: "provider[\"registry.terraform.io/hashicorp/local\"]" references: []
2026-01-23T14:40:48.576-0800 [DEBUG] ReferenceTransformer: "var.grafana_admin_password" references: []
2026-01-23T14:40:48.576-0800 [DEBUG] ReferenceTransformer: "null_resource.ansible_playbook" references: [ansible_host.slurm_head_node_host (expand) ansible_host.slurm_login_node_host (expand) ansible_host.slurm_compute_node_host (expand) ansible_host.slurm_compute_node_host["slurm-compute-node-001"] ansible_host.slurm_compute_node_host["slurm-compute-node-000"] ansible_group.all (expand)]
2026-01-23T14:40:48.576-0800 [DEBUG] ReferenceTransformer: "var.slurm_login_node_count" references: []
2026-01-23T14:40:48.576-0800 [DEBUG] ReferenceTransformer: "var.slurm_data_disk_mount_path" references: []
2026-01-23T14:40:48.576-0800 [DEBUG] ReferenceTransformer: "var.project_id" references: []
2026-01-23T14:40:48.576-0800 [DEBUG] ReferenceTransformer: "var.pre_existing_slurm_data_disk_id" references: []
2026-01-23T14:40:48.576-0800 [DEBUG] ReferenceTransformer: "var.head_node_custom_image_name" references: []
2026-01-23T14:40:48.576-0800 [DEBUG] ReferenceTransformer: "var.slurm_head_node_type" references: []
2026-01-23T14:40:48.576-0800 [DEBUG] ReferenceTransformer: "var.slurm_compute_node_type" references: []
2026-01-23T14:40:48.576-0800 [DEBUG] ReferenceTransformer: "var.partitions" references: []
2026-01-23T14:40:48.576-0800 [DEBUG] ReferenceTransformer: "ansible_host.slurm_compute_node_host[\"slurm-compute-node-000\"]" references: [crusoe_compute_instance.slurm_compute_node[1] crusoe_compute_instance.slurm_compute_node (expand) crusoe_compute_instance.slurm_compute_node[0]]
2026-01-23T14:40:48.576-0800 [DEBUG] ReferenceTransformer: "provider[\"registry.terraform.io/hashicorp/null\"]" references: []
2026-01-23T14:40:48.576-0800 [DEBUG] ReferenceTransformer: "var.slurm_head_node_reservation_id" references: []
2026-01-23T14:40:48.576-0800 [DEBUG] ReferenceTransformer: "var.slurm_login_node_ib_partition_id" references: []
2026-01-23T14:40:48.576-0800 [DEBUG] ReferenceTransformer: "provider[\"registry.terraform.io/crusoecloud/crusoe\"]" references: []
2026-01-23T14:40:48.576-0800 [DEBUG] ReferenceTransformer: "ansible_group.all (expand)" references: [var.slurm_users var.partitions var.enable_observability var.grafana_admin_password var.vastnfs_version var.pre_existing_slurm_data_disk_id var.pre_existing_slurm_data_disk_id crusoe_storage_disk.slurm_data_disk (expand) crusoe_storage_disk.slurm_data_disk (expand) crusoe_storage_disk.slurm_nfs_home_disk (expand) crusoe_storage_disk.slurmctld_disk (expand) var.slurm_data_disk_mount_path var.enable_imex_support]
2026-01-23T14:40:48.576-0800 [DEBUG] ReferenceTransformer: "crusoe_storage_disk.slurm_data_disk (expand)" references: [var.pre_existing_slurm_data_disk_id var.slurm_data_disk_size var.location var.project_id]
2026-01-23T14:40:48.576-0800 [DEBUG] ReferenceTransformer: "var.enable_observability" references: []
2026-01-23T14:40:48.576-0800 [DEBUG] ReferenceTransformer: "var.slurm_compute_node_reservation_id" references: []
2026-01-23T14:40:48.576-0800 [DEBUG] ReferenceTransformer: "local.ssh_public_key (expand)" references: [var.ssh_public_key_path]
2026-01-23T14:40:48.576-0800 [DEBUG] ReferenceTransformer: "output.slurm_head_nodes_addr (expand)" references: [crusoe_compute_instance.slurm_head_node (expand)]
2026-01-23T14:40:48.576-0800 [DEBUG] ReferenceTransformer: "ansible_host.slurm_head_node_host (expand)" references: [crusoe_compute_instance.slurm_head_node (expand)]
2026-01-23T14:40:48.576-0800 [DEBUG] ReferenceTransformer: "var.enable_imex_support" references: []
2026-01-23T14:40:48.576-0800 [DEBUG] ReferenceTransformer: "crusoe_compute_instance.slurm_head_node (expand)" references: [var.slurm_head_node_count var.location var.head_node_custom_image_name var.slurm_head_node_ib_partition_id var.slurm_head_node_ib_partition_id var.slurm_head_node_type var.project_id var.vpc_subnet_id var.slurm_head_node_reservation_id crusoe_storage_disk.slurmctld_disk (expand) crusoe_storage_disk.slurm_nfs_home_disk (expand) local.ssh_public_key (expand) var.head_node_custom_image_name var.head_node_custom_image_name]

Terraform used the selected providers to generate the following execution
plan. Resource actions are indicated with the following symbols:
  [32m+[0m create[0m

Terraform will perform the following actions:

[1m  # ansible_host.slurm_compute_node_host["slurm-compute-node-000"][0m will be created
[0m  [32m+[0m[0m resource "ansible_host" "slurm_compute_node_host" {
      [32m+[0m[0m groups    = [
          [32m+[0m[0m "slurm_compute_nodes",
          [32m+[0m[0m "gb200_186gb_nvl_ib",
        ]
      [32m+[0m[0m id        = (known after apply)
      [32m+[0m[0m name      = "slurm-compute-node-000"
      [32m+[0m[0m variables = (known after apply)
    }

[1m  # ansible_host.slurm_compute_node_host["slurm-compute-node-001"][0m will be created
[0m  [32m+[0m[0m resource "ansible_host" "slurm_compute_node_host" {
      [32m+[0m[0m groups    = [
          [32m+[0m[0m "slurm_compute_nodes",
          [32m+[0m[0m "gb200_186gb_nvl_ib",
        ]
      [32m+[0m[0m id        = (known after apply)
      [32m+[0m[0m name      = "slurm-compute-node-001"
      [32m+[0m[0m variables = (known after apply)
    }

[1m  # crusoe_compute_instance.slurm_compute_node[0][0m will be created
[0m  [32m+[0m[0m resource "crusoe_compute_instance" "slurm_compute_node" {
      [32m+[0m[0m disks                 = [
          [32m+[0m[0m {
              [32m+[0m[0m attachment_type = "data"
              [32m+[0m[0m id              = "10f66558-ac73-46e3-804e-8ada21b7b76b"
              [32m+[0m[0m mode            = "read-write"
            },
          [32m+[0m[0m {
              [32m+[0m[0m attachment_type = "data"
              [32m+[0m[0m id              = "c22a0d6f-0c42-4e80-afcd-cdc1b8c96d14"
              [32m+[0m[0m mode            = "read-write"
            },
        ]
      [32m+[0m[0m external_dns_name     = (known after apply)
      [32m+[0m[0m fqdn                  = (known after apply)
      [32m+[0m[0m host_channel_adapters = [
          [32m+[0m[0m {
              [32m+[0m[0m ib_partition_id = "9ef3fc7b-4391-4440-9734-59072d1558b0"
            },
        ]
      [32m+[0m[0m id                    = (known after apply)
      [32m+[0m[0m image                 = "ubuntu22.04-nvidia-slurm:latest"
      [32m+[0m[0m internal_dns_name     = (known after apply)
      [32m+[0m[0m location              = "eu-iceland1-a"
      [32m+[0m[0m name                  = "slurm-compute-node-000"
      [32m+[0m[0m network_interfaces    = [
          [32m+[0m[0m {
              [32m+[0m[0m id             = (known after apply)
              [32m+[0m[0m interface_type = (known after apply)
              [32m+[0m[0m name           = (known after apply)
              [32m+[0m[0m network        = (known after apply)
              [32m+[0m[0m private_ipv4   = (known after apply)
              [32m+[0m[0m public_ipv4    = {
                  [32m+[0m[0m address = (known after apply)
                  [32m+[0m[0m id      = (known after apply)
                  [32m+[0m[0m type    = "static"
                }
              [32m+[0m[0m subnet         = "f517042b-f6bf-47b3-b456-44c065641f83"
            },
        ]
      [32m+[0m[0m nvlink_domain_id      = (known after apply)
      [32m+[0m[0m project_id            = "4da9452b-9a52-48ce-8ba6-205fc30b3ee5"
      [32m+[0m[0m reservation_id        = (known after apply)
      [32m+[0m[0m ssh_key               = <<-EOT
            ssh-ed25519 AAAAC3NzaC1lZDI1NTE5AAAAIAYglmnJOpK9XS3ofpre2UyV3fCWjySLftWQ6rAJsGf+ rkalmankar@crusoe.ai
        EOT
      [32m+[0m[0m type                  = "gb200-186gb-nvl-ib.4x"
    }

[1m  # crusoe_compute_instance.slurm_compute_node[1][0m will be created
[0m  [32m+[0m[0m resource "crusoe_compute_instance" "slurm_compute_node" {
      [32m+[0m[0m disks                 = [
          [32m+[0m[0m {
              [32m+[0m[0m attachment_type = "data"
              [32m+[0m[0m id              = "10f66558-ac73-46e3-804e-8ada21b7b76b"
              [32m+[0m[0m mode            = "read-write"
            },
          [32m+[0m[0m {
              [32m+[0m[0m attachment_type = "data"
              [32m+[0m[0m id              = "c22a0d6f-0c42-4e80-afcd-cdc1b8c96d14"
              [32m+[0m[0m mode            = "read-write"
            },
        ]
      [32m+[0m[0m external_dns_name     = (known after apply)
      [32m+[0m[0m fqdn                  = (known after apply)
      [32m+[0m[0m host_channel_adapters = [
          [32m+[0m[0m {
              [32m+[0m[0m ib_partition_id = "9ef3fc7b-4391-4440-9734-59072d1558b0"
            },
        ]
      [32m+[0m[0m id                    = (known after apply)
      [32m+[0m[0m image                 = "ubuntu22.04-nvidia-slurm:latest"
      [32m+[0m[0m internal_dns_name     = (known after apply)
      [32m+[0m[0m location              = "eu-iceland1-a"
      [32m+[0m[0m name                  = "slurm-compute-node-001"
      [32m+[0m[0m network_interfaces    = [
          [32m+[0m[0m {
              [32m+[0m[0m id             = (known after apply)
              [32m+[0m[0m interface_type = (known after apply)
              [32m+[0m[0m name           = (known after apply)
              [32m+[0m[0m network        = (known after apply)
              [32m+[0m[0m private_ipv4   = (known after apply)
              [32m+[0m[0m public_ipv4    = {
                  [32m+[0m[0m address = (known after apply)
                  [32m+[0m[0m id      = (known after apply)
                  [32m+[0m[0m type    = "static"
                }
              [32m+[0m[0m subnet         = "f517042b-f6bf-47b3-b456-44c065641f83"
            },
        ]
      [32m+[0m[0m nvlink_domain_id      = (known after apply)
      [32m+[0m[0m project_id            = "4da9452b-9a52-48ce-8ba6-205fc30b3ee5"
      [32m+[0m[0m reservation_id        = (known after apply)
      [32m+[0m[0m ssh_key               = <<-EOT
            ssh-ed25519 AAAAC3NzaC1lZDI1NTE5AAAAIAYglmnJOpK9XS3ofpre2UyV3fCWjySLftWQ6rAJsGf+ rkalmankar@crusoe.ai
        EOT
      [32m+[0m[0m type                  = "gb200-186gb-nvl-ib.4x"
    }

[1m  # local_file.node_hostfile[0][0m will be created
[0m  [32m+[0m[0m resource "local_file" "node_hostfile" {
      [32m+[0m[0m content              = (known after apply)
      [32m+[0m[0m content_base64sha256 = (known after apply)
      [32m+[0m[0m content_base64sha512 = (known after apply)
      [32m+[0m[0m content_md5          = (known after apply)
      [32m+[0m[0m content_sha1         = (known after apply)
      [32m+[0m[0m content_sha256       = (known after apply)
      [32m+[0m[0m content_sha512       = (known after apply)
      [32m+[0m[0m directory_permission = "0777"
      [32m+[0m[0m file_permission      = "0777"
      [32m+[0m[0m filename             = "./imex_nodes.txt"
      [32m+[0m[0m id                   = (known after apply)
    }

[1m  # null_resource.ansible_playbook[0m will be created
[0m  [32m+[0m[0m resource "null_resource" "ansible_playbook" {
      [32m+[0m[0m id       = (known after apply)
      [32m+[0m[0m triggers = {
          [32m+[0m[0m "always_run" = (known after apply)
        }
    }

[1mPlan:[0m [0m6 to add, 0 to change, 0 to destroy.

Changes to Outputs:
  [32m+[0m[0m slurm_compute_nodes_addr = [
      [32m+[0m[0m (known after apply),
      [32m+[0m[0m (known after apply),
    ]
2026-01-23T14:40:48.582-0800 [INFO]  backend/local: apply calling Apply
2026-01-23T14:40:48.582-0800 [DEBUG] Building and walking apply graph for NormalMode plan
2026-01-23T14:40:48.582-0800 [DEBUG] Resource state not found for node "ansible_host.slurm_compute_node_host[\"slurm-compute-node-001\"]", instance ansible_host.slurm_compute_node_host["slurm-compute-node-001"]
2026-01-23T14:40:48.582-0800 [DEBUG] Resource state not found for node "crusoe_compute_instance.slurm_compute_node[0]", instance crusoe_compute_instance.slurm_compute_node[0]
2026-01-23T14:40:48.582-0800 [DEBUG] Resource state not found for node "ansible_host.slurm_compute_node_host[\"slurm-compute-node-000\"]", instance ansible_host.slurm_compute_node_host["slurm-compute-node-000"]
2026-01-23T14:40:48.582-0800 [DEBUG] Resource state not found for node "local_file.node_hostfile[0]", instance local_file.node_hostfile[0]
2026-01-23T14:40:48.582-0800 [DEBUG] Resource state not found for node "crusoe_compute_instance.slurm_compute_node[1]", instance crusoe_compute_instance.slurm_compute_node[1]
2026-01-23T14:40:48.582-0800 [DEBUG] Resource state not found for node "null_resource.ansible_playbook", instance null_resource.ansible_playbook
2026-01-23T14:40:48.582-0800 [DEBUG] adding implicit provider configuration provider["registry.terraform.io/hashicorp/null"], implied first by null_resource.ansible_playbook (expand)
2026-01-23T14:40:48.582-0800 [DEBUG] adding implicit provider configuration provider["registry.terraform.io/hashicorp/local"], implied first by local_file.node_hostfile[0]
2026-01-23T14:40:48.582-0800 [DEBUG] ProviderTransformer: "crusoe_storage_disk.slurm_data_disk (expand)" (*terraform.nodeExpandApplyableResource) needs provider["registry.terraform.io/crusoecloud/crusoe"]
2026-01-23T14:40:48.582-0800 [DEBUG] ProviderTransformer: "ansible_host.slurm_compute_node_host[\"slurm-compute-node-001\"]" (*terraform.NodeApplyableResourceInstance) needs provider["registry.terraform.io/ansible/ansible"]
2026-01-23T14:40:48.582-0800 [DEBUG] ProviderTransformer: "crusoe_storage_disk.slurm_nfs_home_disk (expand)" (*terraform.nodeExpandApplyableResource) needs provider["registry.terraform.io/crusoecloud/crusoe"]
2026-01-23T14:40:48.582-0800 [DEBUG] ProviderTransformer: "ansible_host.slurm_compute_node_host (expand)" (*terraform.nodeExpandApplyableResource) needs provider["registry.terraform.io/ansible/ansible"]
2026-01-23T14:40:48.582-0800 [DEBUG] ProviderTransformer: "crusoe_storage_disk.slurmctld_disk (expand)" (*terraform.nodeExpandApplyableResource) needs provider["registry.terraform.io/crusoecloud/crusoe"]
2026-01-23T14:40:48.582-0800 [DEBUG] ProviderTransformer: "crusoe_compute_instance.slurm_compute_node (expand)" (*terraform.nodeExpandApplyableResource) needs provider["registry.terraform.io/crusoecloud/crusoe"]
2026-01-23T14:40:48.582-0800 [DEBUG] ProviderTransformer: "crusoe_vpc_firewall_rule.allow_grafana_access (expand)" (*terraform.nodeExpandApplyableResource) needs provider["registry.terraform.io/crusoecloud/crusoe"]
2026-01-23T14:40:48.582-0800 [DEBUG] ProviderTransformer: "crusoe_compute_instance.slurm_head_node (expand)" (*terraform.nodeExpandApplyableResource) needs provider["registry.terraform.io/crusoecloud/crusoe"]
2026-01-23T14:40:48.582-0800 [DEBUG] ProviderTransformer: "null_resource.ansible_playbook" (*terraform.NodeApplyableResourceInstance) needs provider["registry.terraform.io/hashicorp/null"]
2026-01-23T14:40:48.582-0800 [DEBUG] ProviderTransformer: "ansible_host.slurm_compute_node_host[\"slurm-compute-node-000\"]" (*terraform.NodeApplyableResourceInstance) needs provider["registry.terraform.io/ansible/ansible"]
2026-01-23T14:40:48.582-0800 [DEBUG] ProviderTransformer: "ansible_host.slurm_head_node_host (expand)" (*terraform.nodeExpandApplyableResource) needs provider["registry.terraform.io/ansible/ansible"]
2026-01-23T14:40:48.582-0800 [DEBUG] ProviderTransformer: "ansible_host.slurm_login_node_host (expand)" (*terraform.nodeExpandApplyableResource) needs provider["registry.terraform.io/ansible/ansible"]
2026-01-23T14:40:48.582-0800 [DEBUG] ProviderTransformer: "crusoe_compute_instance.slurm_compute_node[1]" (*terraform.NodeApplyableResourceInstance) needs provider["registry.terraform.io/crusoecloud/crusoe"]
2026-01-23T14:40:48.582-0800 [DEBUG] ProviderTransformer: "crusoe_compute_instance.slurm_login_node (expand)" (*terraform.nodeExpandApplyableResource) needs provider["registry.terraform.io/crusoecloud/crusoe"]
2026-01-23T14:40:48.582-0800 [DEBUG] ProviderTransformer: "crusoe_compute_instance.slurm_compute_node[0]" (*terraform.NodeApplyableResourceInstance) needs provider["registry.terraform.io/crusoecloud/crusoe"]
2026-01-23T14:40:48.582-0800 [DEBUG] ProviderTransformer: "local_file.node_hostfile[0]" (*terraform.NodeApplyableResourceInstance) needs provider["registry.terraform.io/hashicorp/local"]
2026-01-23T14:40:48.582-0800 [DEBUG] ProviderTransformer: "local_file.node_hostfile (expand)" (*terraform.nodeExpandApplyableResource) needs provider["registry.terraform.io/hashicorp/local"]
2026-01-23T14:40:48.582-0800 [DEBUG] ProviderTransformer: "ansible_group.all (expand)" (*terraform.nodeExpandApplyableResource) needs provider["registry.terraform.io/ansible/ansible"]
2026-01-23T14:40:48.582-0800 [DEBUG] ProviderTransformer: "null_resource.ansible_playbook (expand)" (*terraform.nodeExpandApplyableResource) needs provider["registry.terraform.io/hashicorp/null"]
2026-01-23T14:40:48.582-0800 [DEBUG] ReferenceTransformer: "crusoe_storage_disk.slurmctld_disk (expand)" references: [var.slurmctld_disk_size var.location var.project_id]
2026-01-23T14:40:48.582-0800 [DEBUG] ReferenceTransformer: "var.slurm_login_node_reservation_id" references: []
2026-01-23T14:40:48.582-0800 [DEBUG] ReferenceTransformer: "var.slurm_login_node_count" references: []
2026-01-23T14:40:48.582-0800 [DEBUG] ReferenceTransformer: "output.slurm_compute_nodes_addr (expand)" references: [crusoe_compute_instance.slurm_compute_node (expand) crusoe_compute_instance.slurm_compute_node[1] crusoe_compute_instance.slurm_compute_node[0]]
2026-01-23T14:40:48.582-0800 [DEBUG] ReferenceTransformer: "crusoe_compute_instance.slurm_compute_node (expand)" references: [var.slurm_compute_node_count var.slurm_compute_node_reservation_id crusoe_storage_disk.slurm_nfs_home_disk (expand) var.pre_existing_slurm_data_disk_id crusoe_storage_disk.slurm_data_disk (expand) var.project_id var.vpc_subnet_id var.compute_node_custom_image_name var.enable_imex_support var.slurm_compute_node_ib_partition_id var.slurm_compute_node_ib_partition_id var.slurm_compute_node_type local.ssh_public_key (expand) var.compute_node_custom_image_name var.compute_node_custom_image_name var.location]
2026-01-23T14:40:48.582-0800 [DEBUG] ReferenceTransformer: "var.slurm_head_node_type" references: []
2026-01-23T14:40:48.582-0800 [DEBUG] ReferenceTransformer: "var.slurm_data_disk_mount_path" references: []
2026-01-23T14:40:48.582-0800 [DEBUG] ReferenceTransformer: "var.slurm_login_node_type" references: []
2026-01-23T14:40:48.582-0800 [DEBUG] ReferenceTransformer: "var.slurm_compute_node_type" references: []
2026-01-23T14:40:48.583-0800 [DEBUG] ReferenceTransformer: "ansible_host.slurm_compute_node_host[\"slurm-compute-node-001\"]" references: [crusoe_compute_instance.slurm_compute_node (expand) crusoe_compute_instance.slurm_compute_node[1] crusoe_compute_instance.slurm_compute_node[0]]
2026-01-23T14:40:48.583-0800 [DEBUG] ReferenceTransformer: "local_file.node_hostfile (expand)" references: [var.enable_imex_support crusoe_compute_instance.slurm_compute_node (expand) crusoe_compute_instance.slurm_compute_node[1] crusoe_compute_instance.slurm_compute_node[0]]
2026-01-23T14:40:48.583-0800 [DEBUG] ReferenceTransformer: "var.slurm_compute_node_count" references: []
2026-01-23T14:40:48.583-0800 [DEBUG] ReferenceTransformer: "var.enable_observability" references: []
2026-01-23T14:40:48.583-0800 [DEBUG] ReferenceTransformer: "ansible_group.all (expand)" references: [var.slurm_users var.partitions var.enable_observability var.grafana_admin_password var.vastnfs_version var.pre_existing_slurm_data_disk_id var.pre_existing_slurm_data_disk_id crusoe_storage_disk.slurm_data_disk (expand) crusoe_storage_disk.slurm_data_disk (expand) crusoe_storage_disk.slurm_nfs_home_disk (expand) crusoe_storage_disk.slurmctld_disk (expand) var.slurm_data_disk_mount_path var.enable_imex_support]
2026-01-23T14:40:48.583-0800 [DEBUG] ReferenceTransformer: "null_resource.ansible_playbook (expand)" references: [ansible_host.slurm_head_node_host (expand) ansible_host.slurm_login_node_host (expand) ansible_host.slurm_compute_node_host["slurm-compute-node-001"] ansible_host.slurm_compute_node_host["slurm-compute-node-000"] ansible_host.slurm_compute_node_host (expand) ansible_group.all (expand)]
2026-01-23T14:40:48.583-0800 [DEBUG] ReferenceTransformer: "var.project_id" references: []
2026-01-23T14:40:48.583-0800 [DEBUG] ReferenceTransformer: "var.slurm_head_node_ib_partition_id" references: []
2026-01-23T14:40:48.583-0800 [DEBUG] ReferenceTransformer: "ansible_host.slurm_compute_node_host[\"slurm-compute-node-000\"]" references: [crusoe_compute_instance.slurm_compute_node (expand) crusoe_compute_instance.slurm_compute_node[1] crusoe_compute_instance.slurm_compute_node[0]]
2026-01-23T14:40:48.583-0800 [DEBUG] ReferenceTransformer: "provider[\"registry.terraform.io/hashicorp/null\"]" references: []
2026-01-23T14:40:48.583-0800 [DEBUG] ReferenceTransformer: "ansible_host.slurm_head_node_host (expand)" references: [crusoe_compute_instance.slurm_head_node (expand)]
2026-01-23T14:40:48.583-0800 [DEBUG] ReferenceTransformer: "crusoe_storage_disk.slurm_nfs_home_disk (expand)" references: [var.slurm_shared_disk_nfs_home_size var.location var.project_id]
2026-01-23T14:40:48.583-0800 [DEBUG] ReferenceTransformer: "var.slurmctld_disk_size" references: []
2026-01-23T14:40:48.583-0800 [DEBUG] ReferenceTransformer: "crusoe_vpc_firewall_rule.allow_grafana_access (expand)" references: [var.enable_observability crusoe_compute_instance.slurm_head_node (expand) crusoe_compute_instance.slurm_head_node (expand)]
2026-01-23T14:40:48.583-0800 [DEBUG] ReferenceTransformer: "ansible_host.slurm_login_node_host (expand)" references: [crusoe_compute_instance.slurm_login_node (expand)]
2026-01-23T14:40:48.583-0800 [DEBUG] ReferenceTransformer: "var.slurm_compute_node_ib_partition_id" references: []
2026-01-23T14:40:48.583-0800 [DEBUG] ReferenceTransformer: "var.compute_node_custom_image_name" references: []
2026-01-23T14:40:48.583-0800 [DEBUG] ReferenceTransformer: "output.slurm_login_nodes_addr (expand)" references: [crusoe_compute_instance.slurm_login_node (expand)]
2026-01-23T14:40:48.583-0800 [DEBUG] ReferenceTransformer: "crusoe_compute_instance.slurm_compute_node[1]" references: [var.slurm_compute_node_count local.ssh_public_key (expand) var.vpc_subnet_id var.slurm_compute_node_reservation_id var.compute_node_custom_image_name var.slurm_compute_node_ib_partition_id var.slurm_compute_node_ib_partition_id crusoe_storage_disk.slurm_nfs_home_disk (expand) var.pre_existing_slurm_data_disk_id crusoe_storage_disk.slurm_data_disk (expand) var.project_id var.compute_node_custom_image_name var.compute_node_custom_image_name var.location var.enable_imex_support var.slurm_compute_node_type]
2026-01-23T14:40:48.583-0800 [DEBUG] ReferenceTransformer: "var.slurm_login_node_ib_partition_id" references: []
2026-01-23T14:40:48.583-0800 [DEBUG] ReferenceTransformer: "var.pre_existing_slurm_data_disk_id" references: []
2026-01-23T14:40:48.583-0800 [DEBUG] ReferenceTransformer: "var.ssh_public_key_path" references: []
2026-01-23T14:40:48.583-0800 [DEBUG] ReferenceTransformer: "local.ssh_public_key (expand)" references: [var.ssh_public_key_path]
2026-01-23T14:40:48.583-0800 [DEBUG] ReferenceTransformer: "crusoe_compute_instance.slurm_login_node (expand)" references: [var.slurm_login_node_count var.slurm_login_node_ib_partition_id var.slurm_login_node_ib_partition_id var.project_id local.ssh_public_key (expand) crusoe_storage_disk.slurm_nfs_home_disk (expand) var.pre_existing_slurm_data_disk_id crusoe_storage_disk.slurm_data_disk (expand) var.slurm_login_node_type var.login_node_custom_image_name var.login_node_custom_image_name var.location var.vpc_subnet_id var.slurm_login_node_reservation_id var.login_node_custom_image_name]
2026-01-23T14:40:48.583-0800 [DEBUG] ReferenceTransformer: "crusoe_storage_disk.slurm_data_disk (expand)" references: [var.pre_existing_slurm_data_disk_id var.location var.project_id var.slurm_data_disk_size]
2026-01-23T14:40:48.583-0800 [DEBUG] ReferenceTransformer: "provider[\"registry.terraform.io/ansible/ansible\"]" references: []
2026-01-23T14:40:48.583-0800 [DEBUG] ReferenceTransformer: "var.head_node_custom_image_name" references: []
2026-01-23T14:40:48.583-0800 [DEBUG] ReferenceTransformer: "var.enable_imex_support" references: []
2026-01-23T14:40:48.583-0800 [DEBUG] ReferenceTransformer: "output.slurm_head_nodes_addr (expand)" references: [crusoe_compute_instance.slurm_head_node (expand)]
2026-01-23T14:40:48.583-0800 [DEBUG] ReferenceTransformer: "var.slurm_shared_disk_nfs_home_size" references: []
2026-01-23T14:40:48.583-0800 [DEBUG] ReferenceTransformer: "var.vastnfs_version" references: []
2026-01-23T14:40:48.583-0800 [DEBUG] ReferenceTransformer: "var.location" references: []
2026-01-23T14:40:48.583-0800 [DEBUG] ReferenceTransformer: "var.vpc_subnet_id" references: []
2026-01-23T14:40:48.583-0800 [DEBUG] ReferenceTransformer: "crusoe_compute_instance.slurm_compute_node[0]" references: [var.slurm_compute_node_count var.compute_node_custom_image_name var.compute_node_custom_image_name var.vpc_subnet_id var.compute_node_custom_image_name var.enable_imex_support var.slurm_compute_node_ib_partition_id var.slurm_compute_node_ib_partition_id crusoe_storage_disk.slurm_nfs_home_disk (expand) var.pre_existing_slurm_data_disk_id crusoe_storage_disk.slurm_data_disk (expand) local.ssh_public_key (expand) var.location var.slurm_compute_node_reservation_id var.slurm_compute_node_type var.project_id]
2026-01-23T14:40:48.583-0800 [DEBUG] ReferenceTransformer: "local_file.node_hostfile[0]" references: [var.enable_imex_support crusoe_compute_instance.slurm_compute_node (expand) crusoe_compute_instance.slurm_compute_node[1] crusoe_compute_instance.slurm_compute_node[0]]
2026-01-23T14:40:48.583-0800 [DEBUG] ReferenceTransformer: "provider[\"registry.terraform.io/crusoecloud/crusoe\"]" references: []
2026-01-23T14:40:48.583-0800 [DEBUG] ReferenceTransformer: "var.slurm_compute_node_reservation_id" references: []
2026-01-23T14:40:48.583-0800 [DEBUG] ReferenceTransformer: "var.slurm_users" references: []
2026-01-23T14:40:48.583-0800 [DEBUG] ReferenceTransformer: "var.slurm_data_disk_size" references: []
2026-01-23T14:40:48.583-0800 [DEBUG] ReferenceTransformer: "provider[\"registry.terraform.io/hashicorp/local\"]" references: []
2026-01-23T14:40:48.583-0800 [DEBUG] ReferenceTransformer: "var.slurm_head_node_reservation_id" references: []
2026-01-23T14:40:48.583-0800 [DEBUG] ReferenceTransformer: "var.partitions" references: []
2026-01-23T14:40:48.583-0800 [DEBUG] ReferenceTransformer: "var.grafana_admin_password" references: []
2026-01-23T14:40:48.583-0800 [DEBUG] ReferenceTransformer: "var.login_node_custom_image_name" references: []
2026-01-23T14:40:48.583-0800 [DEBUG] ReferenceTransformer: "var.slurm_head_node_count" references: []
2026-01-23T14:40:48.583-0800 [DEBUG] ReferenceTransformer: "crusoe_compute_instance.slurm_head_node (expand)" references: [var.slurm_head_node_count var.head_node_custom_image_name var.slurm_head_node_ib_partition_id var.slurm_head_node_ib_partition_id var.slurm_head_node_type local.ssh_public_key (expand) var.head_node_custom_image_name var.head_node_custom_image_name var.location var.vpc_subnet_id var.slurm_head_node_reservation_id crusoe_storage_disk.slurmctld_disk (expand) crusoe_storage_disk.slurm_nfs_home_disk (expand) var.project_id]
2026-01-23T14:40:48.583-0800 [DEBUG] ReferenceTransformer: "null_resource.ansible_playbook" references: [ansible_host.slurm_head_node_host (expand) ansible_host.slurm_login_node_host (expand) ansible_host.slurm_compute_node_host["slurm-compute-node-001"] ansible_host.slurm_compute_node_host["slurm-compute-node-000"] ansible_host.slurm_compute_node_host (expand) ansible_group.all (expand)]
2026-01-23T14:40:48.583-0800 [DEBUG] ReferenceTransformer: "ansible_host.slurm_compute_node_host (expand)" references: [crusoe_compute_instance.slurm_compute_node (expand) crusoe_compute_instance.slurm_compute_node[1] crusoe_compute_instance.slurm_compute_node[0]]
2026-01-23T14:40:48.584-0800 [DEBUG] Starting graph walk: walkApply
2026-01-23T14:40:48.584-0800 [DEBUG] created provider logger: level=debug
2026-01-23T14:40:48.584-0800 [INFO]  provider: configuring client automatic mTLS
2026-01-23T14:40:48.587-0800 [DEBUG] provider: starting plugin: path=.terraform/providers/registry.terraform.io/crusoecloud/crusoe/0.5.44/darwin_arm64/terraform-provider-crusoe_v0.5.44 args=[".terraform/providers/registry.terraform.io/crusoecloud/crusoe/0.5.44/darwin_arm64/terraform-provider-crusoe_v0.5.44"]
2026-01-23T14:40:48.589-0800 [DEBUG] provider: plugin started: path=.terraform/providers/registry.terraform.io/crusoecloud/crusoe/0.5.44/darwin_arm64/terraform-provider-crusoe_v0.5.44 pid=38762
2026-01-23T14:40:48.589-0800 [DEBUG] provider: waiting for RPC address: plugin=.terraform/providers/registry.terraform.io/crusoecloud/crusoe/0.5.44/darwin_arm64/terraform-provider-crusoe_v0.5.44
2026-01-23T14:40:48.602-0800 [INFO]  provider.terraform-provider-crusoe_v0.5.44: configuring server automatic mTLS: timestamp=2026-01-23T14:40:48.602-0800
2026-01-23T14:40:48.609-0800 [DEBUG] provider.terraform-provider-crusoe_v0.5.44: plugin address: address=/var/folders/lz/dp7_tgjj62qgxc_b3y9kw_k80000gp/T/plugin812437468 network=unix timestamp=2026-01-23T14:40:48.609-0800
2026-01-23T14:40:48.609-0800 [DEBUG] provider: using plugin: version=6
2026-01-23T14:40:48.614-0800 [DEBUG] created provider logger: level=debug
2026-01-23T14:40:48.614-0800 [INFO]  provider: configuring client automatic mTLS
2026-01-23T14:40:48.617-0800 [DEBUG] provider: starting plugin: path=.terraform/providers/registry.terraform.io/ansible/ansible/1.3.0/darwin_arm64/terraform-provider-ansible_v1.3.0 args=[".terraform/providers/registry.terraform.io/ansible/ansible/1.3.0/darwin_arm64/terraform-provider-ansible_v1.3.0"]
2026-01-23T14:40:48.620-0800 [DEBUG] No provider meta schema returned
2026-01-23T14:40:48.620-0800 [DEBUG] provider: plugin started: path=.terraform/providers/registry.terraform.io/ansible/ansible/1.3.0/darwin_arm64/terraform-provider-ansible_v1.3.0 pid=38764
2026-01-23T14:40:48.620-0800 [DEBUG] provider: waiting for RPC address: plugin=.terraform/providers/registry.terraform.io/ansible/ansible/1.3.0/darwin_arm64/terraform-provider-ansible_v1.3.0
2026-01-23T14:40:48.633-0800 [INFO]  provider.terraform-provider-ansible_v1.3.0: configuring server automatic mTLS: timestamp=2026-01-23T14:40:48.632-0800
2026-01-23T14:40:48.640-0800 [DEBUG] provider: using plugin: version=5
2026-01-23T14:40:48.640-0800 [DEBUG] provider.terraform-provider-ansible_v1.3.0: plugin address: address=/var/folders/lz/dp7_tgjj62qgxc_b3y9kw_k80000gp/T/plugin1884945999 network=unix timestamp=2026-01-23T14:40:48.640-0800
2026-01-23T14:40:48.646-0800 [DEBUG] created provider logger: level=debug
2026-01-23T14:40:48.646-0800 [INFO]  provider: configuring client automatic mTLS
2026-01-23T14:40:48.646-0800 [DEBUG] provider.terraform-provider-crusoe_v0.5.44: 2026/01/23 14:40:48 [DEBUG] GET https://api.crusoecloud.com/v1alpha5/organizations/projects?project_name=default
2026-01-23T14:40:48.649-0800 [DEBUG] provider: starting plugin: path=.terraform/providers/registry.terraform.io/hashicorp/null/3.2.4/darwin_arm64/terraform-provider-null_v3.2.4_x5 args=[".terraform/providers/registry.terraform.io/hashicorp/null/3.2.4/darwin_arm64/terraform-provider-null_v3.2.4_x5"]
2026-01-23T14:40:48.651-0800 [DEBUG] provider: plugin started: path=.terraform/providers/registry.terraform.io/hashicorp/null/3.2.4/darwin_arm64/terraform-provider-null_v3.2.4_x5 pid=38765
2026-01-23T14:40:48.651-0800 [DEBUG] provider: waiting for RPC address: plugin=.terraform/providers/registry.terraform.io/hashicorp/null/3.2.4/darwin_arm64/terraform-provider-null_v3.2.4_x5
2026-01-23T14:40:48.664-0800 [INFO]  provider.terraform-provider-null_v3.2.4_x5: configuring server automatic mTLS: timestamp=2026-01-23T14:40:48.664-0800
2026-01-23T14:40:48.671-0800 [DEBUG] provider: using plugin: version=5
2026-01-23T14:40:48.671-0800 [DEBUG] provider.terraform-provider-null_v3.2.4_x5: plugin address: address=/var/folders/lz/dp7_tgjj62qgxc_b3y9kw_k80000gp/T/plugin5806023 network=unix timestamp=2026-01-23T14:40:48.671-0800
2026-01-23T14:40:48.676-0800 [DEBUG] created provider logger: level=debug
2026-01-23T14:40:48.676-0800 [INFO]  provider: configuring client automatic mTLS
2026-01-23T14:40:48.679-0800 [DEBUG] provider: starting plugin: path=.terraform/providers/registry.terraform.io/hashicorp/local/2.6.1/darwin_arm64/terraform-provider-local_v2.6.1_x5 args=[".terraform/providers/registry.terraform.io/hashicorp/local/2.6.1/darwin_arm64/terraform-provider-local_v2.6.1_x5"]
2026-01-23T14:40:48.681-0800 [DEBUG] provider: plugin started: path=.terraform/providers/registry.terraform.io/hashicorp/local/2.6.1/darwin_arm64/terraform-provider-local_v2.6.1_x5 pid=38766
2026-01-23T14:40:48.681-0800 [DEBUG] provider: waiting for RPC address: plugin=.terraform/providers/registry.terraform.io/hashicorp/local/2.6.1/darwin_arm64/terraform-provider-local_v2.6.1_x5
2026-01-23T14:40:48.692-0800 [INFO]  provider.terraform-provider-local_v2.6.1_x5: configuring server automatic mTLS: timestamp=2026-01-23T14:40:48.692-0800
2026-01-23T14:40:48.699-0800 [DEBUG] provider: using plugin: version=5
2026-01-23T14:40:48.699-0800 [DEBUG] provider.terraform-provider-local_v2.6.1_x5: plugin address: address=/var/folders/lz/dp7_tgjj62qgxc_b3y9kw_k80000gp/T/plugin3889093169 network=unix timestamp=2026-01-23T14:40:48.699-0800
2026-01-23T14:40:49.120-0800 [DEBUG] skipping FixUpBlockAttrs
2026-01-23T14:40:49.120-0800 [DEBUG] skipping FixUpBlockAttrs
2026-01-23T14:40:49.124-0800 [DEBUG] provider.terraform-provider-crusoe_v0.5.44: Marking Computed attributes with null configuration values as unknown (known after apply) in the plan to prevent potential Terraform errors: @caller=github.com/hashicorp/terraform-plugin-framework@v1.3.5/internal/fwserver/server_planresourcechange.go:195 @module=sdk.framework tf_provider_addr=registry.terraform.io/crusoecloud/crusoe tf_req_id=7e619d0f-1e2b-f4b9-a213-098cb997f0d1 tf_resource_type=crusoe_compute_instance tf_rpc=PlanResourceChange timestamp=2026-01-23T14:40:49.124-0800
2026-01-23T14:40:49.124-0800 [DEBUG] provider.terraform-provider-crusoe_v0.5.44: marking computed attribute that is null in the config as unknown: tf_provider_addr=registry.terraform.io/crusoecloud/crusoe tf_req_id=7e619d0f-1e2b-f4b9-a213-098cb997f0d1 tf_rpc=PlanResourceChange @caller=github.com/hashicorp/terraform-plugin-framework@v1.3.5/internal/fwserver/server_planresourcechange.go:399 @module=sdk.framework tf_resource_type=crusoe_compute_instance tf_attribute_path="AttributeName(\"internal_dns_name\")" timestamp=2026-01-23T14:40:49.124-0800
2026-01-23T14:40:49.124-0800 [DEBUG] provider.terraform-provider-crusoe_v0.5.44: marking computed attribute that is null in the config as unknown: tf_rpc=PlanResourceChange @module=sdk.framework tf_provider_addr=registry.terraform.io/crusoecloud/crusoe tf_req_id=7e619d0f-1e2b-f4b9-a213-098cb997f0d1 @caller=github.com/hashicorp/terraform-plugin-framework@v1.3.5/internal/fwserver/server_planresourcechange.go:399 tf_attribute_path="AttributeName(\"network_interfaces\").ElementKeyInt(0).AttributeName(\"network\")" tf_resource_type=crusoe_compute_instance timestamp=2026-01-23T14:40:49.124-0800
2026-01-23T14:40:49.124-0800 [DEBUG] provider.terraform-provider-crusoe_v0.5.44: marking computed attribute that is null in the config as unknown: tf_attribute_path="AttributeName(\"network_interfaces\").ElementKeyInt(0).AttributeName(\"private_ipv4\")" tf_resource_type=crusoe_compute_instance tf_rpc=PlanResourceChange tf_provider_addr=registry.terraform.io/crusoecloud/crusoe tf_req_id=7e619d0f-1e2b-f4b9-a213-098cb997f0d1 @caller=github.com/hashicorp/terraform-plugin-framework@v1.3.5/internal/fwserver/server_planresourcechange.go:399 @module=sdk.framework timestamp=2026-01-23T14:40:49.124-0800
2026-01-23T14:40:49.124-0800 [DEBUG] provider.terraform-provider-crusoe_v0.5.44: marking computed attribute that is null in the config as unknown: @module=sdk.framework @caller=github.com/hashicorp/terraform-plugin-framework@v1.3.5/internal/fwserver/server_planresourcechange.go:399 tf_attribute_path="AttributeName(\"network_interfaces\").ElementKeyInt(0).AttributeName(\"public_ipv4\").AttributeName(\"id\")" tf_provider_addr=registry.terraform.io/crusoecloud/crusoe tf_req_id=7e619d0f-1e2b-f4b9-a213-098cb997f0d1 tf_resource_type=crusoe_compute_instance tf_rpc=PlanResourceChange timestamp=2026-01-23T14:40:49.124-0800
2026-01-23T14:40:49.124-0800 [DEBUG] provider.terraform-provider-crusoe_v0.5.44: Marking Computed attributes with null configuration values as unknown (known after apply) in the plan to prevent potential Terraform errors: @module=sdk.framework tf_provider_addr=registry.terraform.io/crusoecloud/crusoe tf_req_id=dc903cdf-6684-ef64-8ef0-dd4b2546a00b tf_resource_type=crusoe_compute_instance tf_rpc=PlanResourceChange @caller=github.com/hashicorp/terraform-plugin-framework@v1.3.5/internal/fwserver/server_planresourcechange.go:195 timestamp=2026-01-23T14:40:49.124-0800
2026-01-23T14:40:49.124-0800 [DEBUG] provider.terraform-provider-crusoe_v0.5.44: marking computed attribute that is null in the config as unknown: @module=sdk.framework tf_attribute_path="AttributeName(\"network_interfaces\").ElementKeyInt(0).AttributeName(\"public_ipv4\").AttributeName(\"address\")" tf_resource_type=crusoe_compute_instance tf_rpc=PlanResourceChange @caller=github.com/hashicorp/terraform-plugin-framework@v1.3.5/internal/fwserver/server_planresourcechange.go:399 tf_provider_addr=registry.terraform.io/crusoecloud/crusoe tf_req_id=7e619d0f-1e2b-f4b9-a213-098cb997f0d1 timestamp=2026-01-23T14:40:49.124-0800
2026-01-23T14:40:49.125-0800 [DEBUG] provider.terraform-provider-crusoe_v0.5.44: marking computed attribute that is null in the config as unknown: tf_provider_addr=registry.terraform.io/crusoecloud/crusoe tf_req_id=dc903cdf-6684-ef64-8ef0-dd4b2546a00b tf_resource_type=crusoe_compute_instance tf_rpc=PlanResourceChange @caller=github.com/hashicorp/terraform-plugin-framework@v1.3.5/internal/fwserver/server_planresourcechange.go:399 @module=sdk.framework tf_attribute_path="AttributeName(\"network_interfaces\").ElementKeyInt(0).AttributeName(\"id\")" timestamp=2026-01-23T14:40:49.124-0800
2026-01-23T14:40:49.125-0800 [DEBUG] provider.terraform-provider-crusoe_v0.5.44: marking computed attribute that is null in the config as unknown: @caller=github.com/hashicorp/terraform-plugin-framework@v1.3.5/internal/fwserver/server_planresourcechange.go:399 @module=sdk.framework tf_req_id=dc903cdf-6684-ef64-8ef0-dd4b2546a00b tf_resource_type=crusoe_compute_instance tf_attribute_path="AttributeName(\"network_interfaces\").ElementKeyInt(0).AttributeName(\"interface_type\")" tf_provider_addr=registry.terraform.io/crusoecloud/crusoe tf_rpc=PlanResourceChange timestamp=2026-01-23T14:40:49.124-0800
2026-01-23T14:40:49.125-0800 [DEBUG] provider.terraform-provider-crusoe_v0.5.44: marking computed attribute that is null in the config as unknown: tf_provider_addr=registry.terraform.io/crusoecloud/crusoe tf_resource_type=crusoe_compute_instance @caller=github.com/hashicorp/terraform-plugin-framework@v1.3.5/internal/fwserver/server_planresourcechange.go:399 tf_attribute_path="AttributeName(\"network_interfaces\").ElementKeyInt(0).AttributeName(\"name\")" tf_req_id=dc903cdf-6684-ef64-8ef0-dd4b2546a00b tf_rpc=PlanResourceChange @module=sdk.framework timestamp=2026-01-23T14:40:49.124-0800
2026-01-23T14:40:49.125-0800 [DEBUG] provider.terraform-provider-crusoe_v0.5.44: marking computed attribute that is null in the config as unknown: @module=sdk.framework tf_provider_addr=registry.terraform.io/crusoecloud/crusoe tf_req_id=7e619d0f-1e2b-f4b9-a213-098cb997f0d1 tf_resource_type=crusoe_compute_instance tf_rpc=PlanResourceChange tf_attribute_path="AttributeName(\"network_interfaces\").ElementKeyInt(0).AttributeName(\"id\")" @caller=github.com/hashicorp/terraform-plugin-framework@v1.3.5/internal/fwserver/server_planresourcechange.go:399 timestamp=2026-01-23T14:40:49.125-0800
2026-01-23T14:40:49.125-0800 [DEBUG] provider.terraform-provider-crusoe_v0.5.44: marking computed attribute that is null in the config as unknown: @caller=github.com/hashicorp/terraform-plugin-framework@v1.3.5/internal/fwserver/server_planresourcechange.go:399 @module=sdk.framework tf_provider_addr=registry.terraform.io/crusoecloud/crusoe tf_attribute_path="AttributeName(\"network_interfaces\").ElementKeyInt(0).AttributeName(\"network\")" tf_req_id=dc903cdf-6684-ef64-8ef0-dd4b2546a00b tf_resource_type=crusoe_compute_instance tf_rpc=PlanResourceChange timestamp=2026-01-23T14:40:49.125-0800
2026-01-23T14:40:49.125-0800 [DEBUG] provider.terraform-provider-crusoe_v0.5.44: marking computed attribute that is null in the config as unknown: @caller=github.com/hashicorp/terraform-plugin-framework@v1.3.5/internal/fwserver/server_planresourcechange.go:399 @module=sdk.framework tf_attribute_path="AttributeName(\"network_interfaces\").ElementKeyInt(0).AttributeName(\"interface_type\")" tf_provider_addr=registry.terraform.io/crusoecloud/crusoe tf_req_id=7e619d0f-1e2b-f4b9-a213-098cb997f0d1 tf_resource_type=crusoe_compute_instance tf_rpc=PlanResourceChange timestamp=2026-01-23T14:40:49.125-0800
2026-01-23T14:40:49.125-0800 [DEBUG] provider.terraform-provider-crusoe_v0.5.44: marking computed attribute that is null in the config as unknown: @module=sdk.framework tf_attribute_path="AttributeName(\"network_interfaces\").ElementKeyInt(0).AttributeName(\"private_ipv4\")" tf_provider_addr=registry.terraform.io/crusoecloud/crusoe tf_req_id=dc903cdf-6684-ef64-8ef0-dd4b2546a00b tf_resource_type=crusoe_compute_instance @caller=github.com/hashicorp/terraform-plugin-framework@v1.3.5/internal/fwserver/server_planresourcechange.go:399 tf_rpc=PlanResourceChange timestamp=2026-01-23T14:40:49.125-0800
2026-01-23T14:40:49.125-0800 [DEBUG] provider.terraform-provider-crusoe_v0.5.44: marking computed attribute that is null in the config as unknown: @caller=github.com/hashicorp/terraform-plugin-framework@v1.3.5/internal/fwserver/server_planresourcechange.go:399 @module=sdk.framework tf_resource_type=crusoe_compute_instance tf_attribute_path="AttributeName(\"network_interfaces\").ElementKeyInt(0).AttributeName(\"name\")" tf_provider_addr=registry.terraform.io/crusoecloud/crusoe tf_req_id=7e619d0f-1e2b-f4b9-a213-098cb997f0d1 tf_rpc=PlanResourceChange timestamp=2026-01-23T14:40:49.125-0800
2026-01-23T14:40:49.125-0800 [DEBUG] provider.terraform-provider-crusoe_v0.5.44: marking computed attribute that is null in the config as unknown: tf_provider_addr=registry.terraform.io/crusoecloud/crusoe tf_req_id=dc903cdf-6684-ef64-8ef0-dd4b2546a00b tf_resource_type=crusoe_compute_instance tf_rpc=PlanResourceChange @caller=github.com/hashicorp/terraform-plugin-framework@v1.3.5/internal/fwserver/server_planresourcechange.go:399 @module=sdk.framework tf_attribute_path="AttributeName(\"network_interfaces\").ElementKeyInt(0).AttributeName(\"public_ipv4\").AttributeName(\"address\")" timestamp=2026-01-23T14:40:49.125-0800
2026-01-23T14:40:49.125-0800 [DEBUG] provider.terraform-provider-crusoe_v0.5.44: marking computed attribute that is null in the config as unknown: tf_rpc=PlanResourceChange tf_attribute_path="AttributeName(\"network_interfaces\").ElementKeyInt(0).AttributeName(\"public_ipv4\").AttributeName(\"id\")" tf_req_id=dc903cdf-6684-ef64-8ef0-dd4b2546a00b tf_resource_type=crusoe_compute_instance @caller=github.com/hashicorp/terraform-plugin-framework@v1.3.5/internal/fwserver/server_planresourcechange.go:399 @module=sdk.framework tf_provider_addr=registry.terraform.io/crusoecloud/crusoe timestamp=2026-01-23T14:40:49.125-0800
2026-01-23T14:40:49.125-0800 [DEBUG] provider.terraform-provider-crusoe_v0.5.44: marking computed attribute that is null in the config as unknown: tf_attribute_path="AttributeName(\"external_dns_name\")" tf_provider_addr=registry.terraform.io/crusoecloud/crusoe tf_req_id=7e619d0f-1e2b-f4b9-a213-098cb997f0d1 tf_resource_type=crusoe_compute_instance tf_rpc=PlanResourceChange @caller=github.com/hashicorp/terraform-plugin-framework@v1.3.5/internal/fwserver/server_planresourcechange.go:399 @module=sdk.framework timestamp=2026-01-23T14:40:49.125-0800
2026-01-23T14:40:49.125-0800 [DEBUG] provider.terraform-provider-crusoe_v0.5.44: marking computed attribute that is null in the config as unknown: @module=sdk.framework tf_attribute_path="AttributeName(\"nvlink_domain_id\")" tf_provider_addr=registry.terraform.io/crusoecloud/crusoe tf_req_id=7e619d0f-1e2b-f4b9-a213-098cb997f0d1 @caller=github.com/hashicorp/terraform-plugin-framework@v1.3.5/internal/fwserver/server_planresourcechange.go:399 tf_resource_type=crusoe_compute_instance tf_rpc=PlanResourceChange timestamp=2026-01-23T14:40:49.125-0800
2026-01-23T14:40:49.125-0800 [DEBUG] provider.terraform-provider-crusoe_v0.5.44: marking computed attribute that is null in the config as unknown: tf_req_id=dc903cdf-6684-ef64-8ef0-dd4b2546a00b tf_provider_addr=registry.terraform.io/crusoecloud/crusoe tf_resource_type=crusoe_compute_instance tf_rpc=PlanResourceChange @caller=github.com/hashicorp/terraform-plugin-framework@v1.3.5/internal/fwserver/server_planresourcechange.go:399 @module=sdk.framework tf_attribute_path="AttributeName(\"external_dns_name\")" timestamp=2026-01-23T14:40:49.125-0800
2026-01-23T14:40:49.125-0800 [DEBUG] provider.terraform-provider-crusoe_v0.5.44: marking computed attribute that is null in the config as unknown: tf_provider_addr=registry.terraform.io/crusoecloud/crusoe tf_resource_type=crusoe_compute_instance tf_attribute_path="AttributeName(\"id\")" tf_req_id=dc903cdf-6684-ef64-8ef0-dd4b2546a00b tf_rpc=PlanResourceChange @caller=github.com/hashicorp/terraform-plugin-framework@v1.3.5/internal/fwserver/server_planresourcechange.go:399 @module=sdk.framework timestamp=2026-01-23T14:40:49.125-0800
2026-01-23T14:40:49.125-0800 [DEBUG] provider.terraform-provider-crusoe_v0.5.44: marking computed attribute that is null in the config as unknown: @caller=github.com/hashicorp/terraform-plugin-framework@v1.3.5/internal/fwserver/server_planresourcechange.go:399 @module=sdk.framework tf_attribute_path="AttributeName(\"fqdn\")" tf_req_id=dc903cdf-6684-ef64-8ef0-dd4b2546a00b tf_rpc=PlanResourceChange tf_provider_addr=registry.terraform.io/crusoecloud/crusoe tf_resource_type=crusoe_compute_instance timestamp=2026-01-23T14:40:49.125-0800
2026-01-23T14:40:49.125-0800 [DEBUG] provider.terraform-provider-crusoe_v0.5.44: marking computed attribute that is null in the config as unknown: tf_req_id=dc903cdf-6684-ef64-8ef0-dd4b2546a00b tf_rpc=PlanResourceChange @caller=github.com/hashicorp/terraform-plugin-framework@v1.3.5/internal/fwserver/server_planresourcechange.go:399 @module=sdk.framework tf_provider_addr=registry.terraform.io/crusoecloud/crusoe tf_resource_type=crusoe_compute_instance tf_attribute_path="AttributeName(\"nvlink_domain_id\")" timestamp=2026-01-23T14:40:49.125-0800
2026-01-23T14:40:49.125-0800 [DEBUG] provider.terraform-provider-crusoe_v0.5.44: marking computed attribute that is null in the config as unknown: tf_rpc=PlanResourceChange @caller=github.com/hashicorp/terraform-plugin-framework@v1.3.5/internal/fwserver/server_planresourcechange.go:399 @module=sdk.framework tf_req_id=7e619d0f-1e2b-f4b9-a213-098cb997f0d1 tf_attribute_path="AttributeName(\"id\")" tf_provider_addr=registry.terraform.io/crusoecloud/crusoe tf_resource_type=crusoe_compute_instance timestamp=2026-01-23T14:40:49.125-0800
2026-01-23T14:40:49.125-0800 [DEBUG] provider.terraform-provider-crusoe_v0.5.44: marking computed attribute that is null in the config as unknown: @module=sdk.framework tf_attribute_path="AttributeName(\"reservation_id\")" tf_provider_addr=registry.terraform.io/crusoecloud/crusoe tf_req_id=7e619d0f-1e2b-f4b9-a213-098cb997f0d1 @caller=github.com/hashicorp/terraform-plugin-framework@v1.3.5/internal/fwserver/server_planresourcechange.go:399 tf_resource_type=crusoe_compute_instance tf_rpc=PlanResourceChange timestamp=2026-01-23T14:40:49.125-0800
2026-01-23T14:40:49.125-0800 [DEBUG] provider.terraform-provider-crusoe_v0.5.44: marking computed attribute that is null in the config as unknown: @module=sdk.framework tf_rpc=PlanResourceChange @caller=github.com/hashicorp/terraform-plugin-framework@v1.3.5/internal/fwserver/server_planresourcechange.go:399 tf_attribute_path="AttributeName(\"reservation_id\")" tf_provider_addr=registry.terraform.io/crusoecloud/crusoe tf_req_id=dc903cdf-6684-ef64-8ef0-dd4b2546a00b tf_resource_type=crusoe_compute_instance timestamp=2026-01-23T14:40:49.125-0800
2026-01-23T14:40:49.125-0800 [DEBUG] provider.terraform-provider-crusoe_v0.5.44: marking computed attribute that is null in the config as unknown: @caller=github.com/hashicorp/terraform-plugin-framework@v1.3.5/internal/fwserver/server_planresourcechange.go:399 @module=sdk.framework tf_req_id=7e619d0f-1e2b-f4b9-a213-098cb997f0d1 tf_resource_type=crusoe_compute_instance tf_attribute_path="AttributeName(\"fqdn\")" tf_provider_addr=registry.terraform.io/crusoecloud/crusoe tf_rpc=PlanResourceChange timestamp=2026-01-23T14:40:49.125-0800
2026-01-23T14:40:49.125-0800 [DEBUG] provider.terraform-provider-crusoe_v0.5.44: marking computed attribute that is null in the config as unknown: tf_attribute_path="AttributeName(\"internal_dns_name\")" tf_resource_type=crusoe_compute_instance @module=sdk.framework tf_provider_addr=registry.terraform.io/crusoecloud/crusoe tf_req_id=dc903cdf-6684-ef64-8ef0-dd4b2546a00b tf_rpc=PlanResourceChange @caller=github.com/hashicorp/terraform-plugin-framework@v1.3.5/internal/fwserver/server_planresourcechange.go:399 timestamp=2026-01-23T14:40:49.125-0800
[0m[1mcrusoe_compute_instance.slurm_compute_node[1]: Creating...[0m[0m
[0m[1mcrusoe_compute_instance.slurm_compute_node[0]: Creating...[0m[0m
2026-01-23T14:40:49.130-0800 [INFO]  Starting apply for crusoe_compute_instance.slurm_compute_node[0]
2026-01-23T14:40:49.130-0800 [INFO]  Starting apply for crusoe_compute_instance.slurm_compute_node[1]
2026-01-23T14:40:49.130-0800 [DEBUG] skipping FixUpBlockAttrs
2026-01-23T14:40:49.130-0800 [DEBUG] skipping FixUpBlockAttrs
2026-01-23T14:40:49.130-0800 [DEBUG] crusoe_compute_instance.slurm_compute_node[1]: applying the planned Create change
2026-01-23T14:40:49.130-0800 [DEBUG] crusoe_compute_instance.slurm_compute_node[0]: applying the planned Create change
2026-01-23T14:40:49.133-0800 [DEBUG] provider.terraform-provider-crusoe_v0.5.44: 2026/01/23 14:40:49 [DEBUG] POST https://api.crusoecloud.com/v1alpha5/projects/4da9452b-9a52-48ce-8ba6-205fc30b3ee5/compute/vms/instances
2026-01-23T14:40:49.133-0800 [DEBUG] provider.terraform-provider-crusoe_v0.5.44: 2026/01/23 14:40:49 [DEBUG] POST https://api.crusoecloud.com/v1alpha5/projects/4da9452b-9a52-48ce-8ba6-205fc30b3ee5/compute/vms/instances
2026-01-23T14:40:49.330-0800 [DEBUG] provider.terraform-provider-crusoe_v0.5.44: 2026/01/23 14:40:49 [DEBUG] GET https://api.crusoecloud.com/v1alpha5/projects/4da9452b-9a52-48ce-8ba6-205fc30b3ee5/compute/vms/instances/operations/f3dacb4d-e748-4861-af3d-b548eefb9352
2026-01-23T14:40:49.335-0800 [DEBUG] provider.terraform-provider-crusoe_v0.5.44: 2026/01/23 14:40:49 [DEBUG] GET https://api.crusoecloud.com/v1alpha5/projects/4da9452b-9a52-48ce-8ba6-205fc30b3ee5/compute/vms/instances/operations/d3511282-e85d-49e5-864d-0b1edd22d89c
2026-01-23T14:40:51.414-0800 [DEBUG] provider.terraform-provider-crusoe_v0.5.44: 2026/01/23 14:40:51 [DEBUG] GET https://api.crusoecloud.com/v1alpha5/projects/4da9452b-9a52-48ce-8ba6-205fc30b3ee5/compute/vms/instances/operations/f3dacb4d-e748-4861-af3d-b548eefb9352
2026-01-23T14:40:51.415-0800 [DEBUG] provider.terraform-provider-crusoe_v0.5.44: 2026/01/23 14:40:51 [DEBUG] GET https://api.crusoecloud.com/v1alpha5/projects/4da9452b-9a52-48ce-8ba6-205fc30b3ee5/compute/vms/instances/operations/d3511282-e85d-49e5-864d-0b1edd22d89c
2026-01-23T14:40:53.490-0800 [DEBUG] provider.terraform-provider-crusoe_v0.5.44: 2026/01/23 14:40:53 [DEBUG] GET https://api.crusoecloud.com/v1alpha5/projects/4da9452b-9a52-48ce-8ba6-205fc30b3ee5/compute/vms/instances/operations/f3dacb4d-e748-4861-af3d-b548eefb9352
2026-01-23T14:40:53.498-0800 [DEBUG] provider.terraform-provider-crusoe_v0.5.44: 2026/01/23 14:40:53 [DEBUG] GET https://api.crusoecloud.com/v1alpha5/projects/4da9452b-9a52-48ce-8ba6-205fc30b3ee5/compute/vms/instances/operations/d3511282-e85d-49e5-864d-0b1edd22d89c
2026-01-23T14:40:55.565-0800 [DEBUG] provider.terraform-provider-crusoe_v0.5.44: 2026/01/23 14:40:55 [DEBUG] GET https://api.crusoecloud.com/v1alpha5/projects/4da9452b-9a52-48ce-8ba6-205fc30b3ee5/compute/vms/instances/operations/f3dacb4d-e748-4861-af3d-b548eefb9352
2026-01-23T14:40:55.566-0800 [DEBUG] provider.terraform-provider-crusoe_v0.5.44: 2026/01/23 14:40:55 [DEBUG] GET https://api.crusoecloud.com/v1alpha5/projects/4da9452b-9a52-48ce-8ba6-205fc30b3ee5/compute/vms/instances/operations/d3511282-e85d-49e5-864d-0b1edd22d89c
2026-01-23T14:40:57.641-0800 [DEBUG] provider.terraform-provider-crusoe_v0.5.44: 2026/01/23 14:40:57 [DEBUG] GET https://api.crusoecloud.com/v1alpha5/projects/4da9452b-9a52-48ce-8ba6-205fc30b3ee5/compute/vms/instances/operations/f3dacb4d-e748-4861-af3d-b548eefb9352
2026-01-23T14:40:57.641-0800 [DEBUG] provider.terraform-provider-crusoe_v0.5.44: 2026/01/23 14:40:57 [DEBUG] GET https://api.crusoecloud.com/v1alpha5/projects/4da9452b-9a52-48ce-8ba6-205fc30b3ee5/compute/vms/instances/operations/d3511282-e85d-49e5-864d-0b1edd22d89c
[0m[1mcrusoe_compute_instance.slurm_compute_node[1]: Still creating... [00m10s elapsed][0m[0m
[0m[1mcrusoe_compute_instance.slurm_compute_node[0]: Still creating... [00m10s elapsed][0m[0m
2026-01-23T14:40:59.716-0800 [DEBUG] provider.terraform-provider-crusoe_v0.5.44: 2026/01/23 14:40:59 [DEBUG] GET https://api.crusoecloud.com/v1alpha5/projects/4da9452b-9a52-48ce-8ba6-205fc30b3ee5/compute/vms/instances/operations/d3511282-e85d-49e5-864d-0b1edd22d89c
2026-01-23T14:40:59.716-0800 [DEBUG] provider.terraform-provider-crusoe_v0.5.44: 2026/01/23 14:40:59 [DEBUG] GET https://api.crusoecloud.com/v1alpha5/projects/4da9452b-9a52-48ce-8ba6-205fc30b3ee5/compute/vms/instances/operations/f3dacb4d-e748-4861-af3d-b548eefb9352
2026-01-23T14:41:01.792-0800 [DEBUG] provider.terraform-provider-crusoe_v0.5.44: 2026/01/23 14:41:01 [DEBUG] GET https://api.crusoecloud.com/v1alpha5/projects/4da9452b-9a52-48ce-8ba6-205fc30b3ee5/compute/vms/instances/operations/d3511282-e85d-49e5-864d-0b1edd22d89c
2026-01-23T14:41:01.801-0800 [DEBUG] provider.terraform-provider-crusoe_v0.5.44: 2026/01/23 14:41:01 [DEBUG] GET https://api.crusoecloud.com/v1alpha5/projects/4da9452b-9a52-48ce-8ba6-205fc30b3ee5/compute/vms/instances/operations/f3dacb4d-e748-4861-af3d-b548eefb9352
2026-01-23T14:41:03.869-0800 [DEBUG] provider.terraform-provider-crusoe_v0.5.44: 2026/01/23 14:41:03 [DEBUG] GET https://api.crusoecloud.com/v1alpha5/projects/4da9452b-9a52-48ce-8ba6-205fc30b3ee5/compute/vms/instances/operations/d3511282-e85d-49e5-864d-0b1edd22d89c
2026-01-23T14:41:03.874-0800 [DEBUG] provider.terraform-provider-crusoe_v0.5.44: 2026/01/23 14:41:03 [DEBUG] GET https://api.crusoecloud.com/v1alpha5/projects/4da9452b-9a52-48ce-8ba6-205fc30b3ee5/compute/vms/instances/operations/f3dacb4d-e748-4861-af3d-b548eefb9352
2026-01-23T14:41:05.950-0800 [DEBUG] provider.terraform-provider-crusoe_v0.5.44: 2026/01/23 14:41:05 [DEBUG] GET https://api.crusoecloud.com/v1alpha5/projects/4da9452b-9a52-48ce-8ba6-205fc30b3ee5/compute/vms/instances/operations/f3dacb4d-e748-4861-af3d-b548eefb9352
2026-01-23T14:41:05.953-0800 [DEBUG] provider.terraform-provider-crusoe_v0.5.44: 2026/01/23 14:41:05 [DEBUG] GET https://api.crusoecloud.com/v1alpha5/projects/4da9452b-9a52-48ce-8ba6-205fc30b3ee5/compute/vms/instances/operations/d3511282-e85d-49e5-864d-0b1edd22d89c
2026-01-23T14:41:08.026-0800 [DEBUG] provider.terraform-provider-crusoe_v0.5.44: 2026/01/23 14:41:08 [DEBUG] GET https://api.crusoecloud.com/v1alpha5/projects/4da9452b-9a52-48ce-8ba6-205fc30b3ee5/compute/vms/instances/operations/f3dacb4d-e748-4861-af3d-b548eefb9352
2026-01-23T14:41:08.027-0800 [DEBUG] provider.terraform-provider-crusoe_v0.5.44: 2026/01/23 14:41:08 [DEBUG] GET https://api.crusoecloud.com/v1alpha5/projects/4da9452b-9a52-48ce-8ba6-205fc30b3ee5/compute/vms/instances/operations/d3511282-e85d-49e5-864d-0b1edd22d89c
[0m[1mcrusoe_compute_instance.slurm_compute_node[0]: Still creating... [00m20s elapsed][0m[0m
[0m[1mcrusoe_compute_instance.slurm_compute_node[1]: Still creating... [00m20s elapsed][0m[0m
2026-01-23T14:41:10.096-0800 [DEBUG] provider.terraform-provider-crusoe_v0.5.44: 2026/01/23 14:41:10 [DEBUG] GET https://api.crusoecloud.com/v1alpha5/projects/4da9452b-9a52-48ce-8ba6-205fc30b3ee5/compute/vms/instances/operations/d3511282-e85d-49e5-864d-0b1edd22d89c
2026-01-23T14:41:10.099-0800 [DEBUG] provider.terraform-provider-crusoe_v0.5.44: 2026/01/23 14:41:10 [DEBUG] GET https://api.crusoecloud.com/v1alpha5/projects/4da9452b-9a52-48ce-8ba6-205fc30b3ee5/compute/vms/instances/operations/f3dacb4d-e748-4861-af3d-b548eefb9352
2026-01-23T14:41:12.179-0800 [ERROR] provider.terraform-provider-crusoe_v0.5.44: Response contains error diagnostic: tf_req_id=65fcfb7d-b7d7-d9da-1433-de86d6d57b3f tf_resource_type=crusoe_compute_instance tf_rpc=ApplyResourceChange @module=sdk.proto diagnostic_severity=ERROR diagnostic_summary="Failed to create instance" tf_provider_addr=registry.terraform.io/crusoecloud/crusoe @caller=github.com/hashicorp/terraform-plugin-go@v0.18.0/tfprotov6/internal/diag/diagnostics.go:58 diagnostic_detail="There was an error creating an instance: An internal error occurred. Please try again and contact support if problem persists." tf_proto_version=6.3 timestamp=2026-01-23T14:41:12.178-0800
2026-01-23T14:41:12.181-0800 [ERROR] provider.terraform-provider-crusoe_v0.5.44: Response contains error diagnostic: @module=sdk.proto diagnostic_detail="There was an error creating an instance: An internal error occurred. Please try again and contact support if problem persists." diagnostic_severity=ERROR diagnostic_summary="Failed to create instance" tf_proto_version=6.3 tf_provider_addr=registry.terraform.io/crusoecloud/crusoe tf_req_id=c9764b37-17d1-58a4-958a-0c978423746e tf_resource_type=crusoe_compute_instance tf_rpc=ApplyResourceChange @caller=github.com/hashicorp/terraform-plugin-go@v0.18.0/tfprotov6/internal/diag/diagnostics.go:58 timestamp=2026-01-23T14:41:12.180-0800
2026-01-23T14:41:12.186-0800 [DEBUG] State storage *statemgr.Filesystem declined to persist a state snapshot
2026-01-23T14:41:12.186-0800 [ERROR] vertex "crusoe_compute_instance.slurm_compute_node[0]" error: Failed to create instance
2026-01-23T14:41:12.191-0800 [DEBUG] State storage *statemgr.Filesystem declined to persist a state snapshot
2026-01-23T14:41:12.191-0800 [ERROR] vertex "crusoe_compute_instance.slurm_compute_node[1]" error: Failed to create instance
[31m╷[0m[0m
[31m│[0m [0m[1m[31mError: [0m[0m[1mFailed to create instance[0m
[31m│[0m [0m
[31m│[0m [0m[0m  with crusoe_compute_instance.slurm_compute_node[1],
[31m│[0m [0m  on main.tf line 109, in resource "crusoe_compute_instance" "slurm_compute_node":
[31m│[0m [0m 109: resource "crusoe_compute_instance" "slurm_compute_node" [4m{[0m[0m
[31m│[0m [0m
[31m│[0m [0mThere was an error creating an instance: An internal error occurred. Please
[31m│[0m [0mtry again and contact support if problem persists.
[31m╵[0m[0m
[31m╷[0m[0m
[31m│[0m [0m[1m[31mError: [0m[0m[1mFailed to create instance[0m
[31m│[0m [0m
[31m│[0m [0m[0m  with crusoe_compute_instance.slurm_compute_node[0],
[31m│[0m [0m  on main.tf line 109, in resource "crusoe_compute_instance" "slurm_compute_node":
[31m│[0m [0m 109: resource "crusoe_compute_instance" "slurm_compute_node" [4m{[0m[0m
[31m│[0m [0m
[31m│[0m [0mThere was an error creating an instance: An internal error occurred. Please
[31m│[0m [0mtry again and contact support if problem persists.
[31m╵[0m[0m
2026-01-23T14:41:12.205-0800 [DEBUG] provider.stdio: received EOF, stopping recv loop: err="rpc error: code = Unavailable desc = error reading from server: EOF"
2026-01-23T14:41:12.205-0800 [DEBUG] provider.stdio: received EOF, stopping recv loop: err="rpc error: code = Unavailable desc = error reading from server: EOF"
2026-01-23T14:41:12.206-0800 [DEBUG] provider.stdio: received EOF, stopping recv loop: err="rpc error: code = Unavailable desc = error reading from server: EOF"
2026-01-23T14:41:12.206-0800 [DEBUG] provider.stdio: received EOF, stopping recv loop: err="rpc error: code = Unavailable desc = error reading from server: EOF"
2026-01-23T14:41:12.207-0800 [INFO]  provider: plugin process exited: plugin=.terraform/providers/registry.terraform.io/hashicorp/null/3.2.4/darwin_arm64/terraform-provider-null_v3.2.4_x5 id=38765
2026-01-23T14:41:12.207-0800 [DEBUG] provider: plugin exited
2026-01-23T14:41:12.207-0800 [INFO]  provider: plugin process exited: plugin=.terraform/providers/registry.terraform.io/ansible/ansible/1.3.0/darwin_arm64/terraform-provider-ansible_v1.3.0 id=38764
2026-01-23T14:41:12.207-0800 [DEBUG] provider: plugin exited
2026-01-23T14:41:12.208-0800 [INFO]  provider: plugin process exited: plugin=.terraform/providers/registry.terraform.io/hashicorp/local/2.6.1/darwin_arm64/terraform-provider-local_v2.6.1_x5 id=38766
2026-01-23T14:41:12.208-0800 [DEBUG] provider: plugin exited
2026-01-23T14:41:12.208-0800 [INFO]  provider: plugin process exited: plugin=.terraform/providers/registry.terraform.io/crusoecloud/crusoe/0.5.44/darwin_arm64/terraform-provider-crusoe_v0.5.44 id=38762
2026-01-23T14:41:12.208-0800 [DEBUG] provider: plugin exited
